,oocyte,2cell,4cell,8cell,morula
IAPEz-int,-303.895984574898,-193.311085772594,-21.2850521844824,56.6734805315209,98.3677939393111
L1Md_F2,-66.4830686850049,-174.728885169737,-425.821157037302,-429.505858076793,-397.993253534187
B1_Mus2,23.9181167435018,216.491009306374,355.275497125493,285.420141764176,308.418332391669
B1_Mm,19.6277188036132,154.380276910236,281.430251000329,270.966580073264,255.44919024601
B1_Mus1,29.1622191454475,217.415342572562,287.735641899404,164.08319498353,209.351621853394
RLTR45-int,5.912140200866,3.46977285255998,139.104293482475,201.156898765784,159.804020637275
L1Md_T,-37.8219849418446,-54.0223231535133,121.679765484981,108.779173496117,114.004370810284
MTA_Mm,82.5123036167274,6.93335452641822,-125.006689320556,-94.9861170675384,-99.4109176331358
B4A,1.15634274264192,-11.2098920396305,-130.256099518002,-194.172809680057,-148.929146275713
B3,53.7701697090485,78.394406029049,-24.4022457243397,-138.892906891081,-41.0494476443689
L1_Mus3,-30.2241833085606,-112.860214221899,-225.319579819996,-216.865037592215,-196.848890106708
RLTR13C2,12.7784309217481,4.9758303042747,104.889169813615,152.253632467296,165.174626276623
L1Md_Gf,-8.5281411915698,-3.68945048583117,103.332509816815,158.156432714539,90.8813294245902
MTA_Mm-int,62.8403586370535,6.14543848445244,-86.3769198787472,-86.2332413190154,-96.2854370756245
PB1D9,9.40087652528362,78.4037398410776,164.973024626856,163.154783314206,152.737352709143
MT2_Mm,44.3912589333344,130.15136645147,203.332605751017,160.029782360671,200.858913482735
L1_Mus1,-30.0080429247786,-82.6393312301771,-180.125317451482,-159.898211539967,-144.071353492373
B1_Mur4,23.5818693503008,123.635101857389,178.833754533742,153.542424831791,149.995292213882
Lx3_Mus,15.1906878861688,-38.3878144829974,-124.170072006843,-118.994837230724,-100.781475509389
MMETn-int,22.5528091828036,-2.13604531185133,33.8922163684625,124.212451779921,118.598568607697
ID_B1,58.5756869764038,121.881710483223,108.617184556592,-25.3408172713867,71.0437125509236
RLTR13B1,19.1666292607243,-15.1944106267164,77.9925823913566,104.426275409549,116.164523993295
RLTR13B2,21.767744121882,11.7648386522238,113.108583895152,126.447095951273,113.137252545004
LTRIS2,-9.70835198820076,-16.0292444110782,3.14794953410062,67.3969947631925,109.154191022081
MT2C_Mm,2.94517075196322,83.0649930825627,154.25716065761,95.6769873420615,89.967174638396
MMERVK9C_I-int,-1.272629386922,-10.1204393950772,22.1718651286779,102.778861424332,94.714983450256
Lx8,6.63597831189142,-52.2265988803363,-118.893030389711,-111.071021799733,-106.061177312132
B1_Mur3,21.5714855265507,93.291816980765,146.397026692945,144.669333442031,131.390435712795
RLTR4_MM-int,-18.7150199208915,17.6170912741426,62.2119697470405,114.711805135016,75.1975352676999
MT2B,13.3634610040927,67.4680243430556,133.812821035633,132.246764087578,115.850782448615
B1_Mur2,22.632821698956,87.6386937265856,147.577885218954,137.249536164364,129.719090451488
MTB,48.2844518274488,14.8975776670099,-58.6943960046278,-53.7028475971984,-60.5567613095948
IAPLTR1_Mm,-60.1066875817592,-18.6828611275174,44.791007497265,47.2115913758797,51.7094876717609
ORR1A2-int,-0.130806141405307,57.7979561826607,123.54692334044,107.001201438869,91.4042895370316
Lx,-34.7190571786625,-72.6743798161355,-150.85843458718,-137.139715694353,-124.804658425149
IAPLTR1a_Mm,-81.733766700702,-39.7118179466136,2.90331748494193,7.53643108863782,37.1670236669798
ORR1A0,-4.29179786167341,32.0034753312832,56.8424052819514,67.6534311666892,120.802813374717
PB1D7,16.9864595464591,51.7885664099573,113.964527215168,120.905723810799,110.108539125666
RLTR6-int,-99.0910549928172,-43.2858570146704,-17.1875085702128,12.587683467661,8.68417561876486
MTD,23.5701027686511,-18.4420489508232,-87.8359042700634,-72.4075458045353,-64.1824287946701
B1_Mur1,23.3306991965968,85.255233688919,135.62291993448,123.381104263811,120.778954671985
IAPLTR2_Mm,-57.0810661326002,-28.144980589466,34.9614210054891,38.7080682174214,39.4572322860077
RLTR45,-2.85733333404392,8.59563775960289,86.5292316897714,82.2781251759691,86.0796684863731
L1_Mus2,-19.7418916453964,-82.5706712643472,-135.613545799628,-116.338125875067,-108.52709112061
ORR1A1-int,11.7981581143108,84.8769147511855,118.35482087316,108.637410456408,114.577541572565
RSINE1,32.0438595328717,38.6947043871766,17.9370269186541,-70.2723600655658,-1.92696293030403
MT2B2,8.79279853769748,54.3794038352347,122.847411875055,95.0294451841324,76.7748914958339
RLTR1B,0.526472492439715,-2.59473135895424,50.024337734586,76.9968904403016,88.2802903568135
Lx2,-31.6084639718148,-62.3170073008911,-124.845442432834,-126.47613631311,-103.691602376219
ERVB7_1-LTR_MM,0.28039450087986,27.1775139478926,77.1882417743483,96.3432277959892,83.9327306963854
L1Md_A,-43.0665692175209,-120.446477851794,-38.5934859533213,-23.5147450792811,-93.048979506382
Lx3A,-14.7883935613979,-43.3623775877407,-96.4713229939523,-110.874101730998,-91.1723505326126
Lx5,-25.8574159048869,-52.836109290543,-110.014593660868,-115.692507447096,-105.801653136377
MERVL-int,115.149312956915,209.472688978317,196.681109779829,139.868938841584,174.34700025123
MMERVK10C-int,-81.153808980114,-103.359360015474,-41.8593034459634,-28.1169853655665,-9.934320331811
Lx9,-9.97024901683464,-90.4942781317149,-99.2402771311088,-101.103935539996,-89.5137324564421
B2_Mm1a,12.8411115501198,73.7701435823373,93.8947600420386,105.678126798874,93.631736149835
MTB_Mm,33.6612832511419,7.05727961187995,-44.0341422318666,-41.4568404526045,-46.6934823099105
RLTR1B-int,9.21523212272521,10.3940983373589,27.692919488417,86.6489078712162,72.4041069820311
B2_Mm1t,24.5887016234295,81.4502484464004,108.343179919376,109.24383221382,103.858567215105
ORR1A1,-2.31374843495895,25.7730888706465,35.4310160674667,42.9401355722055,94.2101509245346
RLTR10-int,35.0163271850909,-46.7599002860727,-16.2589298987805,35.8972840641427,3.40488315968893
RLTRETN_Mm,17.3157757369133,44.2166116552472,72.2515387530762,98.1904900019384,96.2576595798886
B2_Mm2,68.2935668273315,125.254522447417,120.300170641242,44.1951369045084,100.998797082822
RLTR13D4,3.15336235669553,-3.81113105107924,27.4426682873443,63.4872828608955,72.6428113778916
B1F1,11.6024434148392,44.086631335959,85.6482018985497,90.1812889932808,81.6061924515768
RMER6A,31.6582814401301,85.1902025088635,102.458770221217,80.6095321594637,28.7936617958741
Lx7,-11.2763615572748,-82.0632624882273,-96.6395360853981,-78.8474656637251,-78.3174334507824
MTC,41.955856569501,-2.12420590040014,-44.4595101535104,-21.4213939516847,-22.47919931866
ORR1A0-int,14.9088187545524,83.0992258256668,77.2892702245227,80.7332811827156,99.2559987478015
Lx3C,-16.0441461219087,-28.8145684097974,-75.6077523609561,-90.0330216527515,-74.2660121401265
RLTR13C1,-0.144128216110949,-5.93567291528335,11.1902666230135,47.9788531505071,68.5784107631324
Lx3B,-16.6011156276579,-26.7328157551824,-75.5690855159721,-86.3814671401318,-77.1583162523199
L1_Mus4,-39.3157437297994,-59.999559842965,-99.2872014506351,-118.839289694502,-95.8486880431357
B1F2,9.53790718444325,47.174163693111,82.0710077989798,87.1133526676203,74.6272171189619
RLTR13G,5.24574508310043,-1.4294252652287,4.59968506100475,55.0436526960069,66.5637715447889
ETnERV3-int,-14.9764098558076,-20.2838065461057,19.3033345357053,46.8908571372424,45.5385487114681
L1Md_F,-65.3116246691433,-69.0274227806648,-20.9156154715899,-10.5164237697912,-2.6759746882407
ERVB4_1C-LTR_Mm,-4.0836603424006,-13.7006593701725,0.379230148894355,36.4917342272079,58.6021207064451
B3A,34.5167522032429,30.0131911270293,-1.39436704226639,-41.4763188647148,-2.76029611919993
PB1D10,33.106480210238,62.7348749636726,112.949560607642,70.4588630846402,93.4353887094247
RMER16_Mm,3.71204570662653,4.66407763632293,48.3645865475253,66.800597328343,59.366631159915
RLTR13C3,-0.111747721350198,-5.41551912822309,29.0633298891683,52.1537381122218,61.900893332009
PB1D11,2.28332426129781,30.7239034225548,71.073692826208,71.2639840650709,59.7499825163565
MLTR25A,0.820042197399901,-1.55545771089633,20.8912257346171,48.9768942877147,65.7902380354585
ORR1A2,5.09515243991336,33.0788183829382,31.7067173494234,44.6925962551478,86.3687621057109
Lx2B2,-24.1105379292612,-47.1636512442712,-85.7362289046811,-96.7071100143102,-73.6076090496645
ETnERV2-int,8.80652257142502,-16.2016554438076,11.0641959696966,49.9532894223626,53.0017160922922
RLTR4_Mm,-2.65416260829626,11.6113080303955,43.0417311259758,68.0886541800907,51.8673378770175
Lx5b,-16.2430154717347,-35.1392968094316,-65.2802511399157,-85.6909063572539,-74.0663464799244
MTC-int,25.6414504581902,1.51206817531597,-26.4216904283374,-31.0752724651617,-46.4818075723252
ETnERV-int,-10.5769162069615,-17.9843800017546,-8.12169966202976,30.8714012809494,45.0190209531085
B4,-6.26118310773005,-0.270628089958827,-48.7521501808782,-62.9467713274513,-48.4856866242036
B1F,27.4138694769385,57.6566279339595,95.7386551998477,82.6853801265025,86.6388988172961
RLTR9E,17.4445566366834,27.2390715319816,59.9620891642143,77.2502543386439,74.7699354003054
RMER19B,35.8814793667745,24.7574735507794,-16.5876528410463,1.77408289272524,-29.0397901745133
Lx5c,-8.42614709586851,-40.0543215274882,-74.7035690106942,-70.0140224255624,-61.4172150632839
RMER16A2,1.07149364829809,10.9653432218357,43.0910536455778,62.9087575195558,54.6166740541278
RMER17B,11.7323230138189,54.0904448860767,-14.8672238782417,18.6993803564411,-8.19606872298605
RMER17C,19.2352318086509,46.9736419001379,-18.2904944932528,-10.1660013704339,-4.88339878972682
RMER13B,-3.64967647819396,30.0183025539036,-30.4458995930091,-26.2676390277612,-32.4320395156483
L1Md_F3,-38.6730571639181,-64.560628869174,-93.995641588398,-104.419667156951,-87.1950357374781
ORR1A3-int,4.69763574785056,41.7246111183539,78.3185345189241,43.5694161027901,40.1327671857187
L1VL4,-33.1490761187367,-53.6619510642801,-80.1640109655303,-101.386343202552,-71.6685337400697
ID4,14.8633594544759,32.4374457981968,77.2058135845003,63.491117930887,57.5283500212183
RLTR10,41.5815470465371,-26.4915501367742,-7.08291339786638,-2.40903682983901,8.08988447694098
RMER16,-2.23227100479488,8.42586079069776,32.8551990888955,50.7919085648975,53.9767275907948
RLTR10C,-7.48464327642943,-29.6044976065047,18.1175004017787,-0.674174921220423,36.088969189387
L1VL2,-13.4514960611432,-19.8218910582081,-62.7825618646061,-67.1002578855172,-53.4860689950656
Lx4B,-21.2815773653418,-31.2536380672539,-62.6005794452009,-76.3750439032576,-69.2223852791353
IAPEY3-int,-69.1132159733475,-71.7188423958316,-27.377404247641,-29.4126763338809,-21.9126384162417
ID4_,12.1903369225316,26.398396897285,74.5284940449657,53.7118389588527,48.5676273370494
IAPEY_LTR,-4.08425214542908,-0.792774005585427,44.8351295074978,47.0306686067539,23.2856933514921
MLT1C,-1.03964917450699,-0.568925098156,-33.9677270316947,-45.6242421201003,-50.3752811688126
Lx4A,-23.8499019551311,-43.3226749283374,-76.8746459875946,-77.0024032019042,-70.6805112521421
RLTR17B_Mm,7.13263339160291,-16.6403148144374,-9.28804494930549,-54.3375104210609,-31.1594353756309
RMER17A2,1.61495300468136,24.1556861964786,-24.6723072528272,-29.5402542759984,-26.2604051823237
MTB-int,28.713325953069,7.954004377353,-15.7714463184247,-20.6441366825156,-26.8361644788628
MURVY-int,-15.7997881095812,29.7900969431567,-19.2995847228799,-23.9169711277222,-25.6419595468752
RLTR6_Mm,-1.89277201582853,17.9777974158058,43.9370973097351,53.4046284687327,44.595027007787
IAPLTR2a,-33.6357426408349,-17.5839173761915,17.9228829973298,10.7858131180074,15.2401215272574
Lx6,-20.711743200234,-65.5372876694956,-76.0535097225477,-75.7086719376075,-62.7272131326492
L1_Mur3,-23.0143655966616,-74.5112371029674,-76.5274715238087,-52.2518030985611,-41.2329759023922
MLT1B,0.920647576649074,-7.59703281503146,-32.0574473798145,-46.9717575864786,-47.9828659860416
RLTR25A,-3.98959554655129,0.416475352732339,23.7309708299082,38.5226894797092,46.1592430335117
ERVB4_2-LTR_MM,6.10294936447812,15.3220125818297,46.2020984579213,55.9830875313991,48.8630189475107
MLT1D,3.12139279732286,-4.08473901106719,-33.6889372564478,-40.9891580239014,-44.5237176612747
MLT1A0,-0.389662721668662,-14.5382331297712,-35.584669811174,-50.0000693960012,-49.6084032321875
MMERGLN_LTR,8.85385841973507,10.9361582272889,39.4109439102542,54.240410348585,51.6236005903986
ORR1G,3.15047655507495,-3.77546874199389,-25.3657989627913,-39.0806265175826,-47.0979668653559
RMER15-int,11.8635748629682,0.193363716094183,-26.1387069589724,-30.2504538214584,-39.1640298541896
ORR1F,-0.402014058484324,-13.3169031829627,-41.6783356053026,-44.2539314559051,-49.1578772784245
ERVB4_2-I_MM,-12.9322300455233,-0.850313533333383,28.6033767520138,32.0747743596968,33.9447948182505
MERV1_LTR,-4.21514143036627,-7.1123508361952,12.5785422464818,30.2390550606511,41.7250773006481
RMER2,28.7633025566071,17.275942732703,-12.1636873468107,-12.1901257687552,-19.6411134331316
PB1,3.96652014499982,32.7229965698028,53.7755847664893,57.0314487830336,40.1845897059106
MLT1A1,0.611342579176625,-9.11230346810567,-21.2803940501332,-45.1638312866762,-46.6292035695176
RLTR20A4,7.57154639347044,1.06282366460788,-6.43235851027229,-41.2176671199946,-29.974508533593
RLTR13B3,5.51056422375586,-2.83514993722439,17.2820533919397,35.0322788638583,47.3865496457069
BGLII,40.7399390710852,13.8883215020335,-15.9048690578105,4.51598246811775,18.5241876976004
LTRIS3,0.292809924296341,-1.51788191397337,0.357392268388812,27.2314267729616,43.4111727180509
L1_Mur1,-24.2287515746893,-54.3370730890233,-59.7554939022643,-80.5088103742128,-61.0166546908787
ORR1A4-int,-6.30050294516561,19.7132247050775,48.3641934403949,26.543782346114,9.4348213505031
Lx10,-9.36888430822651,-42.2170365155723,-44.0926627737561,-62.4704926660044,-53.2742781778631
MMERGLN-int,-21.0006063483713,-19.1912935586114,-16.4230954921892,21.7081882054348,12.1279011814951
L1_Mm,-18.1978734953482,-42.1039035141064,-46.6157351974668,-69.1804629102476,-62.8349183620519
RLTR31D_MM,5.13906665225275,21.3256356607163,5.58634826481894,-20.8044840122514,-26.3184089676919
MTD-int,8.99948639801375,-10.3049728818597,-35.3496446627374,-32.6360733877379,-36.2568727283674
IAPEY2_LTR,-21.0892815280134,-13.6998241606517,20.2938520877733,20.2284980816318,14.2918139832753
ORR1B1,-1.00982401731092,-17.8717493929293,7.73742401328475,5.23065601567372,36.5669970343425
Lx8b,-19.7047487318861,-64.3785551997517,-62.5336231912199,-65.9148132159663,-59.2931197250785
IAPEy-int,-43.8735527743075,-56.5384136916651,-17.6876379663028,-20.5245132473651,-10.3277839173226
RMER19A,18.3846277280307,3.83093885212609,-14.766116506762,-15.0518938760545,-32.2287599701576
ORR1E,-5.40971401584065,-21.44155956948,-48.2002581279439,-46.2844201224672,-47.7495254892151
IAPLTR2a2_Mm,-2.52670176317009,15.8222702194101,50.2153680389803,30.6787629368155,20.9064209871624
Lx2A1,-10.234771380301,-14.5118627838238,-43.6007942228162,-50.5773612740572,-46.6377006012595
Lx2B,-19.5140031833574,-36.1336972402261,-58.1471106421145,-63.0483011274416,-60.783006661365
MMVL30-int,-1.18184568574045,14.0939407414186,11.5854782770272,42.6387790415374,38.6401280981527
IAPLTR2b,-15.8304518103368,-8.72280251952325,25.0751662555166,11.0648238850101,22.6750875220402
RMER3D-int,22.7408819956123,-16.099243025949,-25.3763905205158,-12.9411527854448,-11.3852245197368
MLTR11B,12.3057133277228,1.16496606128791,-17.0535998688947,-23.2772860375738,-32.6144918536491
RLTR10A,38.2558643308142,-7.64290589725616,0.934224593617555,-1.69646016919014,4.01407392677633
RodERV21-int,2.54111645312689,0.138946917004873,-32.0767506453769,-24.8148747441026,-35.7509026965125
RLTR13D6,32.1982269388132,4.0234990356439,-11.6740812832475,-12.2718826207994,5.7701642751629
RLTR25B,-10.9200958102624,2.83307776564279,10.4486389753167,24.2809962056389,35.1507907485451
L1MA4,-13.7003690139165,-27.2401427044162,-40.751961183758,-51.163943869178,-57.685187866164
RMER17A,-14.458686924342,5.99315178514492,-35.7215106828726,-36.7200058748675,-26.0693343638715
RLTR13D3,-3.92140294683205,-7.81496072944983,-2.75058981888984,18.0186960264599,33.2607547263161
MLT1A,-2.652528206571,-7.89582312729158,-22.8444996365452,-36.2418216985654,-43.5630495452327
IAPLTR3-int,-50.2909548622382,-28.4500752253324,-8.18768897374465,-25.6998118183488,-7.94995855664105
L1_Mur2,-41.7880001406837,-84.1473876740849,-78.8466475787589,-71.9447867556781,-55.6767579658365
MTE-int,-2.93662362560922,-11.5682937921685,-28.7043538614334,-33.118239969801,-46.0449778360202
L1MC1,-2.56728599486392,-20.7982269696237,-33.0428697016991,-37.637675881374,-47.0646000602112
MERVL_2A-int,0.737833960457603,5.19729129986324,-24.2737499172088,-25.2456903402637,-32.4247206891176
MuRRS-int,21.8236372189301,-1.17045786439913,-22.5296983929332,-9.07563888310123,-13.1984616377822
RLTR9D,10.1024655390657,16.1378505889079,37.397300552788,47.2710793164451,43.2968741235523
RLTR1D2_MM,-7.42763652461216,-2.19862320407575,9.24763423526075,28.9428011956927,27.2679627194361
Lx2A,-8.57261567505084,-12.9775533581799,-32.5508971244668,-47.0915620852092,-37.1084270574115
L1MC3,-6.266715694701,-18.675703570854,-30.4644571119429,-36.9245094389104,-48.2813465686521
MT2A,8.45027193094291,1.93113636794712,-20.0763236931889,-18.1249823703149,-29.8601691320989
MLTR11A,15.6046406228429,0.834580133670594,-18.8042071101616,-16.9940527433966,-21.908743656957
L1MB3,-3.20387126796916,-4.65228486391574,-26.2891722395017,-28.8986930948468,-39.5300291313524
MusHAL1,-7.1953665089274,-32.0821319969017,-44.4796143815183,-37.3718720199236,-47.0444569267616
MMERVK9E_I-int,24.6119440769101,-0.921645110603382,-18.4683632125065,6.5349706854936,9.81470379708954
RLTR20C1_MM,6.83598829607462,-1.49390392480892,-0.391085728735973,-27.8808009805832,-22.6207228031321
MTEa,-5.21423323885576,-14.4610262862584,-40.2533572019079,-33.4876785714553,-35.8603515193969
RLTR1A2_MM,-8.91774498728049,-22.1927072893234,-5.81939155234539,6.55707444678486,17.0450858860771
RMER17B2,-4.32206387178191,23.2566406536818,-5.83815733588431,-8.44454421248647,-16.0914842671503
RLTR13E,-1.48704762264993,-5.72611664264052,-11.8621663493768,15.7179314345661,23.4397056881652
MLT2B1,6.16054208506687,-1.18855567703752,-15.4353986694669,-25.2901649798772,-27.9934547732178
L1MA6,-6.34756192763465,-26.8000367097143,-32.8836573909514,-39.7039084952191,-44.5639259544072
RLTR6B_Mm,-26.8902374222986,-14.9616647522659,1.35132187306497,-0.471668295634765,10.6839042648175
ERV3-16A3_I-int,13.8124148177304,3.9945675771319,-11.0633087981626,-15.9997615704809,-22.1651650699946
IAPLTR4_I,-22.7078570667164,-9.4060406857627,4.653960536383,7.83871796703298,13.3299738383241
L1MEc,-5.89540590162763,-17.8854528211689,-28.9005455854349,-31.3322731208373,-44.2804795065487
ORR1A4,-6.56975111667341,-11.1372607618384,3.54289921622021,3.82874697424177,26.1571723064456
L1VL1,-16.5804619198207,-23.7016137900997,-40.975012500241,-39.9645623897263,-51.5255848961423
MLT2B4,4.07691284119561,-2.41557244527782,-13.3429242977752,-25.1379473093687,-28.7124153215334
RMER16-int,-8.9139393285086,-27.5960202323123,-19.5719286628161,2.97082121644132,5.00486290649527
RLTR11A2,8.14966309451033,2.69469260933758,-19.2462703190019,-21.1023364132672,-19.4523786662933
IAPEY4_I-int,-26.1440656282773,-27.537021481431,-7.47616310917856,-0.422884006940959,1.68198877602785
MLT2B3,3.43751548547864,2.81589415179533,-11.6404237133393,-23.5085778264819,-25.8491928366011
LTR33,6.29439501300387,9.36856043201105,-7.11834248001168,-18.1390681222289,-21.4663369033169
MTB_Mm-int,20.5410527362371,-0.546634139576529,-12.1600354661368,-7.42275562519027,-13.5657603612801
L1ME1,-5.69546694497974,-20.6208493987955,-30.0099967068036,-31.0891602412422,-43.0277191753691
RLTR41,5.26195983861832,6.33313427246173,0.464655864152623,23.3410590917195,32.9766500722461
RLTR10B2,-2.32505909335086,-17.3034550179196,8.95598672964496,-4.58434890833442,18.1320777334723
RMER12B,10.8675952719012,11.374609391939,-2.63873480239836,28.469355205051,29.3869386501084
MTEb,-10.2366440161259,-11.9216426046084,-28.7424808684801,-34.8286576521912,-39.9062705136359
MIR3,5.87418221317385,17.8238831220268,35.3705326876691,38.920979832802,24.3963201297717
ORR1B1-int,-11.7293657845056,0.615939617978748,23.0586208104054,14.1906932981626,4.66522214605873
L1MB7,-5.98001072679748,-10.1332379084863,-22.7582445752972,-29.2489219882983,-37.8607451451719
LTR16C,4.50753933518228,3.69159334491301,-10.8232876120679,-19.7616789177385,-23.8274201025403
L1MC4,-1.9535915662369,-8.41839246989252,-15.1255429163608,-24.5530865635699,-34.9102145356014
L1_Rod,-22.1113925051823,-45.7998320364062,-46.3471321503297,-56.5838620319529,-48.4504638703417
RMER10A,22.0983110526686,49.2495985011677,16.0912528735706,35.3593674328302,34.1498609948625
MLT1F2,1.50481514373428,3.40705085760221,-16.821714915682,-22.5855788095051,-22.4138613853311
RLTR13D5,11.784907935681,-3.81160657584941,-11.1786843400265,-5.34614410862166,19.2528591210849
RMER17D2,-12.4933744801661,13.67797093463,-16.2048215843813,-17.6272204737764,-6.63214873000576
BGLII_B,5.89940620471345,11.0462040547028,-8.92963110659684,-16.5287067725414,-16.1742893082327
RLTR23,3.95566430506195,6.69481089213202,7.55383110183932,27.7900197098747,29.8790391607791
RLTR10E,7.74965644001651,-3.50911101033879,18.6671781459696,14.2791294098257,29.9138731702143
MTE2b,3.03584811840222,-12.7378169606334,-24.9778129627401,-24.1509775315717,-25.871608952238
RLTR22_Mur,-7.19588754405106,-26.589942538987,-3.99424372420219,6.77206319282545,-1.57709874306327
L3,-4.81280581440016,-8.26752349874014,-9.213752689607,-25.6848512394515,-32.7040554475015
MTE2a,-2.97090878174992,-15.5480836808854,-31.3051874208541,-28.2000524765088,-30.269920914065
LTR16A,4.72902300670987,3.26991444706928,-8.8702298150575,-17.9629568181692,-22.250478042069
RLTR10F,11.7271426843891,-4.06100087913801,19.0176610367808,7.25435878075187,27.9492201477848
MLT1G1,6.3233552554839,4.23760455909132,-6.13297504985024,-15.1841837869712,-21.5130316421689
MLT2B2,0.208021428610123,-4.21699841917202,-13.2446195269323,-22.9088791409508,-28.2149302428129
ORR1E-int,-4.14835339174012,-6.22927681282468,-24.8816085384835,-25.59833104016,-29.9805562355579
RMER6C,5.8741187723343,10.6307420526562,16.3880959927137,0.348027685989587,-15.0716145012406
IAPEY3_LTR,-16.3049281700884,-9.57961810992175,11.0263125751378,3.88892525079528,8.78011299288915
IAP-d-int,-2.76509203014606,-32.0746315465338,-21.5426489426277,-29.6816991384984,-15.1244260755843
RMER6B,7.78225519043738,26.0215007189479,39.6262770748075,30.7256191550143,20.9793091093497
RMER19C,-4.2271042004406,-16.6979073643714,-26.0907756104902,-25.646296012188,-35.5983305034802
RMER17C2,6.91672022728099,27.3916612708079,2.63578407877705,-3.17962720248013,2.75106168464032
MLTR14,11.2366260378261,13.7280858384212,-14.1928880874734,-2.89310594052727,-5.53570938956628
MLT1G3,5.06070401366335,6.86198754975735,-5.13258013422628,-15.5503372146513,-19.2225830745723
RMER19B2,-4.42715728387409,-21.3775185690529,-28.1799659024402,-24.4836861397503,-36.2497263451331
MLT1I,0.694326471441976,0.401728897726056,-9.73847642331699,-19.9725500640005,-25.225466103499
RLTR11C_MM,7.68438483610261,12.1272328359355,-4.09085320389271,-9.29587278520628,-15.9050296648577
RLTR26_Mus,4.94426396549194,25.9242679849357,-0.340998146716005,3.79972854924268,-3.65968045588546
RLTR13D2,1.90161822734753,-4.6981418045312,-5.8691354691327,7.82916690314311,22.1526087628906
MURVY-LTR,2.03767457788354,-20.8828900379112,-1.87849644777711,4.38360150105837,8.03754753477437
RMER16A3,2.60243323140549,-8.08684968497003,4.00458546463584,13.9819722362728,21.4162792259902
MIR1_Amn,2.34777974182463,10.1066064974315,24.7525089551719,7.45048480655786,-5.93991604217969
MLT1L,6.86155674391061,4.75309875781735,-4.79900442377664,-14.7131662458926,-18.3333545686246
RLTR22_Mus,17.9851166915992,-7.51212423569222,-8.11816319158133,-6.27599922623092,-4.80091732420669
RMER15,5.87117345536683,-4.0113828855581,-17.8745128086967,-15.0813621086568,-20.8384148785138
RLTR13A2,-1.52895204781235,-8.80683603306758,-9.89703811577174,1.80179484966774,17.6299064970422
MIRc,7.77374323130085,13.7364107025126,35.203853913201,28.4397805581656,18.4001329911093
ERVL-E-int,4.49632933765975,-1.71859709369015,-10.7346390059029,-17.1776602382291,-22.6814949238986
ID,13.9890512564129,23.482833185952,44.2117707802468,27.4664552389192,23.4369715983667
RLTR17D_Mm,4.09529865241522,-22.5290260306157,-18.6770892267921,-20.8215734673569,-19.5697465174824
RMER4B,13.3653799877416,3.72821545232802,-10.2562264497701,-5.84433653999008,-13.4958217211833
LTRIS4,-1.75706414459779,0.51810920527951,17.6121515653046,20.6147332746285,19.5240331120251
ERVB4_1-I_MM,16.513779294166,22.5052934804237,4.16754498104721,3.89351535885597,-4.70088783537002
MERV1_I-int,-8.04624276925981,-7.86435092324293,-33.6522153286818,-23.0949686105915,-19.6639385572906
MLT1H,3.0567490668318,0.933933893804387,-7.18020703859823,-14.1879127119845,-22.967062321984
RMER16B2,2.04647455997772,7.0270802898258,16.6965607843884,24.6463050767539,26.6812724504091
ERVB2_1A-I_MM,-3.88761273757842,-1.96413080369423,-2.83193655100731,13.6351281634487,18.9616059185319
RLTR47_MM,-4.33119845310316,3.78638190514338,18.3638718998544,20.5453985411183,15.8270420354412
RMER10B,14.9686520024382,32.5663355940842,15.2306820054591,30.4632355594063,38.2154725010535
RMER13A2,-1.58782483537305,7.12393157906949,-15.5742693330569,-13.5358596339794,-17.2455945675729
RLTR14,14.7005904542675,15.0046191687416,3.7100220243922,1.41318904392914,-10.2736069729418
L2c,5.48177657745701,10.4879795037439,0.171228005694374,-8.27422373651755,-15.5534060123092
RMER17D,-11.3021804529639,10.78208477364,-15.3255063747007,-2.67416370492024,2.14421695951789
ORR1B2,-4.72806073808587,-16.2883505788319,-6.84336024123326,-11.0876047015016,11.4318201179694
MMERVK10D3_I-int,-20.2639890923341,-34.3874670286639,-18.3717570173842,-14.2544646899313,-5.8632536810462
LTRIS_Mus,31.0046750330732,14.6019362576353,8.54969781837815,24.3090511925901,32.3052331540763
RLTR10D,6.80163016962347,-20.0909636516499,-7.19787432398265,-7.83448278822924,0.978018089638339
IAPLTR4,-19.4174238827984,-17.2568898357476,2.25233405209469,-5.08982912857459,1.20911122052607
MLT1F,5.15953545428333,5.30461903039689,-8.23949945624591,-13.5644051616519,-15.586653043659
RLTR26C_MM,2.4404310141265,6.38144355697865,-10.6973161012925,-11.5632031086543,-17.0886186797388
RMER12C,-2.62868748909278,-18.2514028622212,-15.5683607820863,-28.0342257242857,-25.3109979176177
RLTR17,10.6608884451691,17.7088994689429,25.7261840247498,35.6319831884229,29.8316580516951
MIRb,16.9092542527601,15.0852188851228,26.8485072210309,7.30650997424526,0.920471014811246
RLTR48B,1.86483901598684,6.23131618792287,21.8133064784234,22.4048001420573,21.1864019472475
MERVK26-int,7.00985074598827,3.28639339605618,-15.2686449508654,-11.0025434153719,-10.399962589587
RMER6BA,3.20285282355625,18.5370397260836,30.4796204600389,17.3270254672982,14.2596851792399
MLT1E1A,7.10462526992447,1.34599164361526,-5.74424705823939,-11.2652601846823,-17.4201076029156
ERVB7_2-LTR_MM,2.51305512130725,17.6739593862842,5.79920028175285,20.9315426688869,24.8964213567081
ERVB4_1B-I_MM,-4.21900436988641,-19.4915846812566,-6.23687431782652,0.00384721976459073,6.48651581554912
RLTR51B_Mm,2.60869681463464,13.216902336345,-6.10510027018384,-7.25982429178506,-10.3096619581826
L1ME3A,-1.02191827089877,-4.54206970288449,-12.6039785122155,-18.6176394697004,-23.993678240081
ID2,9.21636987671451,9.56181045011722,29.2862649466994,7.87113953012443,6.68502876879032
RLTR1D,2.35337348245653,-1.60799070653215,5.21295949431791,15.4908857684187,20.9222983350727
MLT1K,-0.910423686207584,5.43008888490171,-3.5522350453899,-13.4135077386248,-17.3929853099175
L2,6.65621000211868,4.92410877278814,-4.34101806623072,-5.13835007167457,-16.5605031103441
RLTR51A_Mm,1.99907846704574,15.2661429772648,5.81134088577337,-8.88097357438691,-3.94342393672702
MLT1J2,1.79035429178607,2.41512377482838,-5.04765361352364,-13.3358459488107,-18.4736184811485
MTE2a-int,4.53868643751688,-6.18555852044681,-15.2363243281236,-17.2284256447852,-15.7571223099825
BGLII_Mur,2.1287782583022,3.69462898284266,-13.1800002419273,-13.8193120192323,-14.507558049046
L1MA5,-8.1218245365205,-23.1747322469717,-22.6890312608222,-27.9174312192875,-32.5909777533949
ERVB7_2B-LTR_MM,7.72576830752788,18.9918323900039,24.2940766978095,30.698156603916,28.4923954815056
RLTR1C,19.2564939465351,-0.892038137367624,-4.63942657102555,2.09678774026361,4.99543691186915
ORR1C2,-14.236465200269,5.74594539020065,3.30594705078028,-6.39409895325256,6.86148773007676
RLTR13B4,1.60593779933681,-10.9644566842533,-3.13344879019788,0.601638060904365,14.0303085761337
LTR16,2.38764749293674,5.07765586147593,-6.61772495790122,-12.8152500191439,-15.4719105947623
ORR1D1,-4.09249011992139,-7.57582667674738,-20.2661061525149,-23.871769646167,-5.93231163171926
MTE2b-int,2.14701475825004,-7.16040816477009,-16.6383975015864,-14.9625455088447,-20.3582730857966
L1MB8,-10.7338695470441,-9.33411948500314,-18.7444597779396,-21.3211174534758,-31.4744172162388
L2b,0.41909748431744,18.6432359812757,12.9154102910428,5.19000438170881,-3.06708328668915
MLT2D,0.723465807905308,-0.66536195381278,-11.3515686977039,-14.2576500515546,-19.9116837048812
MamRTE1,-0.683006930528729,-5.44006808727411,9.27489477784511,-8.15814449422373,-14.4251286072336
ORR1C1,-9.23428714307966,-4.36683702073424,-2.91183432859971,-14.6667092342074,9.08990524583419
RMER20B,-4.83206982390868,-3.85236493185712,-9.97557491744301,6.32170702662819,11.532613485528
L1MA9,-7.10767838706065,-23.1587609826739,-24.4508496639879,-28.1540935822892,-28.492712460202
MIR,14.5376007110415,10.8741025268698,26.8315940932751,9.96404746800784,3.47396422408812
MLT1E2,4.17755778948493,-1.44577835122093,-6.63183139718493,-14.6582795655289,-16.0016251621569
MTEa-int,-6.78093335924373,-6.86613859977715,-18.5037119833934,-21.2482874366603,-25.6545783831386
L1M2,-19.8736161374383,-42.7207647629962,-31.8626115037684,-36.6608218512959,-36.5757370254047
L1M4b,-2.20692875756357,-1.99155528159037,6.38572282472319,17.7888617497138,-0.684346948683427
RLTR6C_Mm,-5.85999284216876,1.17269548656122,4.02311337468021,12.37245971671,14.8619484662446
MLT1J,1.96647272879703,-1.01656276751759,-8.89512096745228,-13.6486370227452,-18.0250511270864
L1MA7,-5.28143375946865,-17.2473487988728,-16.794252758398,-27.140097862605,-23.8162815883672
LTR16A1,1.07138043682284,1.42725284208291,-5.6665802341158,-12.5248426607689,-17.4231312412146
L1M3,-11.6224466821194,-25.2569378819719,-19.8529303230336,-27.8961687426936,-33.3232012603133
RLTR13A1,-9.4105505284392,-9.70537059097733,-10.8277768944115,-2.56820851729883,8.80228820197983
L1MB5,-5.62705456283665,-3.8851021981368,-16.8398456624685,-15.2711482510014,-23.3346430996081
RLTR46A,-11.0901601025311,-2.78936959203561,6.3226801867684,5.38603275608419,8.46570856473262
ERVL-B4-int,4.17482424198373,-2.95755229766877,-4.71498974757195,-9.76583963450225,-17.5586977681591
MLT1J1,5.06318477431004,2.25290821921916,-4.75336365578072,-9.48638533497759,-14.4050823959339
MLT1F1,3.93968689986278,9.34056385413998,-2.51310038487267,-5.9946817799647,-11.0679966094106
RLTR33,8.33525631645318,16.1677257739176,24.1613521125989,10.5505793869748,3.1870497109273
RLTR16,4.22133431152324,5.59227094547919,-13.0039788993977,-3.81499443828423,-8.52488539538015
L3b,2.77071508199383,1.52179354851508,3.60952062317483,-8.47391160036806,-14.3463136408936
RMER12,-7.25277625430776,-28.0603866529477,-22.3739123333502,-24.1546449100056,-23.1174171877749
MLT1H1,1.79291723021675,1.21322418966101,-5.03794910537584,-11.3061055706499,-16.6199504354469
RLTR11A,2.74478367399993,0.769820075858897,3.68502552757234,-10.8968021592405,-12.8454250646125
RLTR50A,3.53896357053982,3.76057964802297,11.5717368499589,18.5767510008129,20.2650803996191
RLTR20B5_MM,4.51787001808292,3.13338058620629,-6.55534122165562,-11.1765171531871,-11.8023015209087
MuLV-int,-5.57211972792921,2.00315116702407,3.65787059125969,16.0535245654751,4.86291728561413
MLT1H2,4.7770771719686,3.92555012303485,0.399605622992029,-5.52881147821384,-13.8225093482275
RLTR13A,2.77717037835415,-3.88130855347693,-2.46702122919508,7.01382644628433,15.1475698895221
RMER20C_Mm,0.837586298111423,7.33436840353128,-10.2338038160622,-5.10861802043676,-10.8667866029423
L1MB1,-5.27312509633261,-11.3808739966905,-9.60221052949364,-21.5580956703513,-22.8362299742706
RLTR13D,-0.656031986434631,-2.97677504245872,1.59107967906414,7.74375406092176,15.9686900315338
RMER5,13.2544376372804,-0.459495205758777,-4.94524530958931,1.31451460436349,-5.69535647696482
RMER21A,-5.108539133382,15.5810067813764,2.21312941964128,5.51641519467536,1.83487972734998
MTEb-int,1.00731330571467,-2.59538746502544,-11.3126202229274,-12.260613596512,-17.423041187929
RLTR11D,-0.175286701235776,6.64313569277273,-6.7292819246866,-10.431593435197,-10.8777031901282
MT2B1,9.6992751015421,20.3716165774534,23.9689293618842,14.9795362533888,5.73872235947941
LTRIS4B,0.0429854868274645,2.6749974198938,11.7441224140056,17.531495372154,13.676427876078
MuRRS4-int,-16.916447268125,-33.5127446865172,-32.4117860783748,-28.5953998547668,-20.0860616759208
ORR1A3,-8.18852585599148,-0.567481385874321,4.66393196194819,-1.38147359735311,11.7318201645277
RLTR49,13.7078408859755,8.51635474224304,4.83145562609808,-1.04125456087074,-4.92283612237752
MER74A,-1.80308997049151,1.99823916619576,-10.806260969709,-15.1359466348585,-12.7800425775946
MLTR18D_MM,4.38977905270228,-1.21075330926024,-11.3622167604676,-9.53536832656677,-12.8743704657149
RLTR9D2,-0.365158594297209,5.10674325491686,15.0114789383136,14.8854035422411,15.7506113024755
L1MD3,-1.41926330216947,-2.51413367055374,-4.7041398709177,-13.7829380275689,-17.7441275209251
RLTR5_Mm,1.20529865546156,12.1729059986493,6.77951131232951,18.1573695632513,17.8057743827567
MurERV4_19-int,-0.355551729854886,-6.26650987432152,-13.0779574771418,-15.8679759590944,-17.9722331654108
IAP1-MM_LTR,-13.8754144419455,-5.80594058485368,-2.2146786354616,-3.08834722818097,6.35876491401277
L1MA5A,-5.55434550690092,-6.77234778854454,-14.8036182102187,-18.2219401490233,-22.3563388695964
RLTR1F_Mm,-1.76699102811793,4.25833703559285,10.0053327801761,15.699617823765,14.2488525625238
L1MC2,-1.21832598465695,-8.5213510490885,-7.7947896169246,-14.9815595587501,-20.0599528755628
RMER20A,7.12589689106297,4.46864250965408,-9.66902856589299,-4.45096363854581,4.98676801532555
L1ME3,-0.994655623579058,-0.961783932955897,-7.21946529483761,-11.6489317245534,-17.775204061294
RLTR14-int,-19.6252893461266,-0.751107166025289,-9.27250290015927,-4.12794490581636,-10.3509729799102
MLT1E3,2.39146678248425,-3.52595475927656,-8.73497984002685,-9.42008658232325,-16.6374593316641
L1ME4b,3.49121138041064,3.73537061636953,-1.23858682404807,-7.15589463377547,-12.612189625953
MLT1G,-0.0433619425716766,-0.974260464515814,-9.03593110615663,-12.5151756521352,-15.9424738060104
RMER6D,-2.69250681564556,3.84390174147001,13.8688376092386,13.4916965311942,5.70154577893982
RMER13A1,-3.9679571117786,10.8522819295716,-5.94799174445742,2.90505922906561,-2.66030546317242
ERVL-int,2.49085335597062,-5.17261559358598,-9.00512550876848,-13.3926073821292,-13.8803618563281
HAL1,-2.12116856517324,-5.09649419614116,-7.22139182144611,-7.95903977769244,-19.7857345021537
IAP1-MM_I-int,-30.1200191717327,-29.6915398079382,-20.2900066126055,-18.8915543243887,-15.3006649888168
L1MC5a,2.39040063707285,-3.89445783261131,-3.29039648251103,-10.8540320903441,-14.5081622137992
RLTR27,8.75248491500059,15.9959038634534,25.0468865117062,13.1222629242715,9.13937484831667
RLTR26,2.56401025346392,10.6638546026878,-1.86285973649044,-4.90872619409664,-5.31658296740159
L1MA4A,-8.98239356714354,-14.9383867074218,-16.8082458709507,-23.3586253785283,-25.321335670018
IAPEY4_LTR,4.56066120687679,11.7530355731268,18.1842765452756,21.4464239525013,15.7703383392458
L1MCa,-3.55047858310624,-16.7924824712595,-16.9114429780042,-14.0419365301658,-20.6452800889345
L1MD1,-8.62939792367723,-13.5885688072893,-19.1900553437585,-20.9435426268687,-25.1950516811092
RLTR20B3,1.21421416010959,0.924424602630648,-8.46913579497685,-11.5406803545873,-11.3475449764898
RLTR42-int,6.02689170841805,5.68552589978319,-0.282203469017639,-0.160234173704016,-9.83306055153802
LTR33A_,2.38918134518733,5.92691756057306,-4.92790060658353,-6.80560158226851,-9.24110677132744
RLTR28,12.6446607626904,14.0321534422375,2.11234379684539,5.22206233813622,-0.405820263464678
RLTR13A3,-1.97248628005641,-7.7933593296175,-6.21060466592272,4.20881050386708,6.75990750943293
RLTR26B_MM,3.29460931984336,4.95606353544188,-5.1995261143229,-5.07367080211609,-10.0695337365771
L1MD2,-6.36681359690297,-15.2041232906834,-19.658027496551,-19.1676285567255,-22.5343917286255
RLTR13D3A,5.19173472458794,-0.795537369426768,-2.84135487496485,3.86796188600723,13.3166063316434
RMER21B,5.20736830985242,15.5423883910704,5.13573245449228,3.32233332513415,-1.68777127544231
RMER13A,-1.64317496491674,12.7853208661637,-0.0379618371527347,10.080639867333,6.34338864885481
RLTR30D2_MM,8.53985809175632,7.53769915089747,-7.05123451736067,2.42447018832854,4.08176044768287
MER21C,1.19456497351117,2.32678839835891,-6.4239058704971,-7.31027008367336,-12.291875890903
RLTR17C_Mm,-8.61689054246671,-9.25665980907745,-1.04003847489041,3.07034585737429,3.38652032265019
RLTR12E,2.94711789652363,7.34474641758801,-4.8045997763233,-3.37720660379552,-7.75213379735189
L1MA8,-6.82000179356029,-19.65603449411,-14.6102355018252,-19.2168331990996,-22.5197213793731
LTRIS6,8.29721334427075,-6.40536883874156,-6.26165955997412,-4.12764398586579,-2.00146417886225
LTRIS_Mm,16.1511290854919,9.66937657096838,8.69746695102623,7.82343337924635,-0.762743010402649
L1ME2,-4.93689297248494,-11.350915002746,-12.0571880593417,-15.9757669302206,-21.1877667533214
AmnSINE1,6.68617830653323,3.11492693656666,2.13324726752708,-4.33162166966909,-8.16671527259785
RLTR19-int,7.68096931362099,6.74648564605945,-2.27381088253649,1.56288595531856,-6.46049354378652
RLTR19,6.43592766415018,19.1587854899793,19.5365816276034,14.231760721984,8.58536245170195
LTRIS4A,-1.4889013606243,-6.90942416425679,-3.5234736959228,3.46647463381963,8.22114884553234
RLTR20B2,3.5411543274487,0.0462542052351959,-8.61449056468449,-7.70546966528107,-9.8157591128176
RLTR8,12.7054362173707,5.03318453794149,-1.23432675974023,-1.26315324167221,0.563991283534011
L1M5,-15.9351672429107,-28.4323010438647,-12.9684044799838,-18.7698660470755,-21.5750573046007
IAPLTR3,-4.61134056357937,7.33357273535964,5.74153810488066,-5.24462426073834,3.74934937788437
MYSERV6-int,-4.24546202855316,-10.3101998933719,-9.40117522158154,-8.32280004114335,-20.1456113369457
BGLII_Mus,13.7704363563106,11.9090408151951,-0.23838763838566,3.02108787445222,7.2187476030474
RLTR24,15.6049737462652,11.4550115861865,12.3838275476211,7.67047178135683,0.399106081486975
RLTR18B,10.6003707750216,10.1948960123618,1.39754362605908,0.555867056160133,-1.82079841801358
RLTR46A2,-0.0796593905311949,7.75169682233246,13.3243131259886,14.2755901474684,10.8725264334268
MamGypsy2-I,3.63508450181236,-2.17098277920951,-6.08906467940703,-10.2149062319649,-9.7756992491955
L1MD,-10.9091211409363,-18.3617607112849,-7.41694487873546,-16.4951845720825,-21.5983910362357
RLTR20C2_MM,1.26558524310007,-1.23826511327764,-0.580809847894025,-11.958301516043,-8.56168106098332
LFSINE_Vert,2.81183328905459,1.38351258740481,1.42209880168107,-5.73026610698599,-10.2661164993157
L1MDa,-6.11260581181701,-10.2501814105503,-13.9296624575143,-11.3466150424381,-21.3841605435531
MLTR32C_MM,-5.2456212280542,-1.96363577863509,0.219429334860133,7.19431653075718,7.49943102538566
MLT1O,1.72423539949743,5.10724164632971,-0.621513361347709,-3.05049645462365,-9.8834353564177
MER89,5.33457456707075,3.09264562991928,-2.32791625224572,-4.67904123238889,-8.47513070456006
MYSERV16_I-int,-13.7183822822934,-25.916812870848,-27.0765595490273,-19.2587502210186,-25.0618490228494
ORR1D2,0.129928268828679,-5.45891825326928,-13.8255596729665,-5.91691576627306,-12.1025600371435
IAPA_MM-int,-4.90094642649062,1.4034173486759,6.06575313856038,8.47151137405217,7.96770342388457
MER21B,4.22589621160318,10.8923154288028,1.73408732691223,5.53154653211676,-4.38784979243788
L2a,7.22055202719132,9.9223336170973,6.04276361146425,7.8270208981108,-4.24561996408582
ERVB4_1B-LTR_MM,2.71995284584181,10.3854955952485,-3.2367073079624,-2.91230749274298,1.07588129222604
RLTR31B2,8.28268831564809,8.99300372684015,4.87476366853947,-1.19485808396258,-3.22111776677151
L1ME2z,-4.59419517582944,-6.28392819777024,-7.85033653535431,-13.3500100720208,-17.9461908264871
LTR53,-0.457264332440985,1.14443707260072,-9.03811453208804,-9.34141621193256,-10.4461894740952
RMER17C-int,7.86888267831058,3.71159331634308,-5.36951889065538,4.63796353343532,-2.7643359969053
RLTR53B_Mm,0.770898543614697,4.19629318878276,7.98473653138195,13.2418910127888,13.0935815248534
ERVB3_1-LTR_MM,0.884756272029784,-0.537461916756446,5.51168306449166,10.0855958959295,11.9098484944735
RLTR16B_MM,3.44158606436642,16.0900106897529,16.2121932273174,15.5375654326527,13.1433533721801
MER50,-0.780359448706022,-0.642797631921171,7.72595669555073,10.7874931078757,8.34258764215655
RLTR34B_MM,0.15960407653032,6.63549356028017,-8.24431310216266,0.0765105613447331,-3.02461163469665
RLTR41C,4.34287925546611,4.4857753087729,5.00056904090688,12.1357165214891,16.0641338805763
AmnSINE2,-2.93541905997956,-1.35304869693986,9.01766469094939,5.39677049779749,7.47826078146962
ERVB7_3-LTR_MM,-0.305935845817383,6.64707213442894,-7.46905570081423,-4.37244618627303,0.175594385467959
SRV_MM-int,3.29247152003075,-3.55812924464519,-9.31876217424601,-9.45118456786066,-6.82752337019499
MamSINE1,2.60084014374392,-1.05429222607486,-0.441576898634101,-5.89270812006079,-10.8652562374534
RLTR9F,7.08687199068352,8.0164769861227,-5.02450562246874,4.83413647258546,5.92114364227196
IAPEY3C_LTR,1.45384249386499,-9.98043928299793,-5.41394870920377,-5.77268064343781,2.49737207619828
MLT1L-int,-3.70893815696791,-0.547272764472822,6.46287894414702,7.1667309989327,7.9953573690863
RLTR44E,4.29680209995339,18.27636779143,11.9026447605801,11.7050874440864,15.4561398643749
RLTR16C_MM,1.70613881539834,10.6262941086079,11.820928894521,16.0696215373231,10.0921361228679
RLTR11B,6.69145292739601,15.5868658279605,4.2137785490944,4.49357637787672,2.46204811194346
RMER16B,0.525671259998306,0.261863838492045,7.14130388383982,10.3164276843781,11.0174152728681
L1MC,-10.4032482215178,-17.7927272662391,-6.64870845790294,-7.99480468010825,-16.95215730349
L1MCb,2.16581342098066,-7.6730877451403,-9.24417691201699,-5.06141208616805,-10.9427812380394
LTR41,0.9640517471981,8.62411226440997,8.43165830489872,9.89128918534485,-1.31650597809586
L1M4c,-7.30049584581486,-10.9263581148754,-8.50769715800685,-13.517797143975,-20.1119719885157
LTR10_RN,-4.45423633475908,2.35627432021991,2.94470988323934,6.83821565914462,8.71192519573355
RLTR1E_MM,3.01398205192541,-1.40307567558098,1.27476489746178,4.14958082702275,12.0631621726129
ORR1D2-int,-6.4593828853247,-6.23967055909949,-10.9502254599761,-14.3345790336151,-17.9355978186115
L1MEf,-10.5446323553741,-14.7240683366528,-14.5765153789648,-21.4979848635077,-22.3129593834675
RLTR9A3A,2.33938259770027,-1.57760433638816,-9.57332893815809,-8.32628747305871,-6.34870707366914
L1MB2,-4.34169739823888,-3.36883533072048,-5.96586961129329,-6.2479594493666,-15.6464050903303
L1MC5,-5.61253661689346,-8.84907470688928,-6.42107628156478,-11.029375758043,-17.8487299896236
MamGypLTR3a,5.45987798960592,2.89814285207975,-2.06707563436142,-4.1002166240576,-6.32838003501457
RLTR15,3.6003100328265,-3.7075752781615,-9.13963140046258,-7.19366813929001,-5.37600466763209
MER68,-4.951565036589,-0.0132162932504468,-8.43583630834521,-7.67402345592137,-13.3192522253666
LTR67B,2.16869885846632,2.24069856688062,-2.0520328867977,-4.82189074835315,-9.21478933102572
LTR78B,0.88525430435676,1.22583520294204,-3.2426703645504,-6.84640098508638,-9.93244038360587
RLTR44C,5.91895727061796,19.4177732598227,13.7359856266011,13.1584797978601,11.8016025643412
LTR16B2,-0.0765439455715075,2.29643183128802,-4.94396895861992,-6.72048136695628,-9.39587837073609
RLTR19B,5.41043588008601,9.64003512155574,11.5068326429912,17.4083063806251,15.5628206881344
MLT2B5,-1.95307417278849,-1.38610757639208,-5.29897416664435,-12.2356947418171,-9.7609452493898
LTR33A,-1.15552204717356,2.20540518132303,-1.73763678660403,-5.76745315149037,-10.1868174858852
ERVB3_1-I_MM,-9.3425226266451,-10.1403850116765,-4.37320215202928,-1.72908428304224,0.77288929856036
RLTR26D_MM,-1.91333074503036,4.13897045032996,-4.97702926863326,-5.61441488365625,-8.19018475762085
RLTR41A2,5.89967236225735,7.60849920826513,3.20824732463849,8.92514649620773,15.8348766026102
RMER17A-int,-0.806205466658074,5.18680485393957,-7.02211659443229,2.88669075540358,-2.19417099826296
MER54A,2.42198230077001,-0.579366152729802,-8.73326562218606,-6.47156294049234,-6.58942224360924
MER21-int,-1.54194073131852,-4.63057981855968,0.956316748721863,6.7369867022592,5.1877187198267
MLT1J-int,-0.598442461523898,-4.00439132887605,-3.03395009843815,-8.00600225620645,-12.5031810445763
L1ME5,2.8168300207538,-0.0457745741614472,-8.02336865378299,-5.51160588399845,-6.80636491153293
RLTR28B,2.35749765772401,5.58392796752841,7.28763923044608,14.5421954739434,10.4235533416852
LTR16E1,0.00665299777163711,1.11276540543847,-1.94238292233994,-6.2613285919242,-10.0022371600729
MER52-int,3.11551185819521,-1.00342993955508,-4.43678546042274,-6.53740129393293,-8.57599574890525
L1MC4a,-8.89275131119579,-10.3474612783558,-3.07192787860259,-6.68407674210078,-15.5753006373106
RLTR12BD_Mm,4.81644114009563,4.37228146273226,-0.415878480536597,-3.58210608408366,-5.45931336665705
RLTR50B,3.99964819475591,6.5786632301586,-3.99710690724596,-3.47812551009276,0.445954567465054
ERVB5_1-I_MM,-2.92424190256486,0.534227689220591,-10.8733756600624,-6.4803469064451,-9.01692696150871
RNERVK23-int,1.03013785861208,-2.95692173497358,1.89696685327639,7.61143781473978,7.79740423791636
RLTR21,-13.5952627339069,-16.5692261517626,-16.7890619787694,-7.77401993837339,-7.41256049485363
ERVB7_4-LTR_MM,4.11125131217342,7.62250452470121,-3.28572377419817,-0.923292686241346,5.70622980724663
LTRIS5,4.10259809203269,-2.01752096820156,6.36052723389206,9.5174406396431,8.50949293034407
MER31A,3.7701226721709,4.94679257414892,-1.55958235393275,-3.68972874517717,-5.37523901077669
RLTR44A,1.79985302187019,10.8334987762321,2.02060591708114,-0.413424327113642,6.63384661213251
L1M3c,1.27675911290515,-10.1512812658937,-6.59803931570252,-7.25916029088739,-9.04148672366081
ERV3-16A3_LTR,3.2247032265227,2.44611808097384,-3.16845655891321,-6.23955351263707,-5.73108958951793
MLTR31C_MM,1.12168083162771,10.5703211597388,6.59721350062876,12.943814467821,7.47606118142259
L1MEd,-2.39370491848305,-9.30937173249766,-3.92580854262251,-11.1138864450087,-12.5687083163137
MLT2E,3.86464388294437,1.81465946222344,-4.13789287075561,-4.89044720296745,-6.13672014764815
RLTR10D2,1.6758601511867,7.34275259200236,5.8377800017605,-2.13790103029027,8.51996726684544
ERVB2_1-I_MM,-1.75384042426353,-2.14901413290027,-0.971170735253098,6.24620880105092,6.51513419584213
RLTR31_Mur,4.95000412468444,9.92395667165316,2.48998235866838,3.35612294601337,-2.2549517567537
LTR48B,7.87308300191746,-0.777064936636621,-3.29310164716198,-1.43338076945738,-1.26070265747692
RLTR13F,-2.21853191816448,-4.88342465457207,-7.11960238507712,-2.53955518191483,4.51473798295488
IAPEY5_I-int,11.9487843874438,1.93322636631597,4.59897522282636,9.18449045913812,2.51051114806685
MT-int,2.78195791357113,3.08689927561774,-4.5443202610779,-2.25954969411465,-6.5558539498896
X9_LINE,-1.95828355500375,-1.15920764107897,8.00973730402637,5.77190713219359,2.75042579079614
L1MB4,-2.10059480227242,-3.19119051254073,-4.85132238620998,-3.92204144638003,-12.8498448187492
MRLTR33,3.97212584884371,3.94807102895539,7.63830887175658,5.53044671080089,-3.6754819443513
MER77B,0.35448003202993,-2.80839931173305,-7.58119162104947,-7.0633663423949,-10.4754475573956
L1P5,-3.7711667491118,-4.0433901517731,4.36031286811599,4.30067864834847,2.25228588578045
RLTR9C,4.75800881311232,-1.52149615588368,-3.22191733576823,2.93301510730674,6.77161416901226
LTR16B1,-0.724118155879564,0.236625510330309,-5.36157111355619,-8.99947003793447,-8.10959596105035
ORR1B2-int,-3.703304548239,5.97513054547771,7.00402699679589,3.85835986676699,3.31987755560005
MLTR18B_MM,-0.495881132233564,1.47029652163824,-8.00746916333095,-4.2139371584877,-7.40392657064521
RLTR9A,-0.852397654495365,4.77258063690331,-6.04962622272607,2.92602535177778,-0.337949443015247
LTR50,1.28658952939149,4.16909885660889,-3.52935594448863,-2.87346886839688,-6.23593992254631
IAPEY5_LTR,8.84088389962907,2.68430935721144,10.0104913959504,4.3596971898805,12.7243373763973
RLTR30,8.69286529067556,6.63344449229704,1.64071640527342,0.740849811394676,-0.935253208145587
LTR82A,3.16500121423803,-0.543786318399146,-2.6781778948555,-5.34382882579943,-7.32689677509452
MER92B,3.7024879297097,1.23031760327166,4.83203439884284,11.5313410923946,8.56073897224089
L1MDb,-2.09301590340214,-4.17279269241934,-1.65572922969477,6.32204041278594,-2.22872616615475
RLTR44-int,-18.184570955138,-25.7955671384667,-23.2548201410653,-20.8689869498619,-15.5011198788449
MER68-int,5.00998458240957,1.27931136348163,8.3141538409131,7.20767810710505,-1.22508237249777
RLTR20B1,1.80105139062758,-0.165931797272037,-7.91696776918548,-1.80791427700106,-5.77023485536422
Penelope1_Vert,-0.886636647690258,-1.91468892889989,6.23081625759125,-2.05094422441711,-4.21821418229996
MYSERV-int,-5.35977317070515,-6.8711553712904,-7.09559252341609,-12.7098636105607,-14.3722415302284
L1MEg,-8.21642829157886,-9.46568659816193,-3.03804546202648,-6.23643399748853,-13.7685727721815
RLTR3_Mm,6.46365210793285,6.42668258579845,2.15353734540528,6.65963207429275,13.2024199536371
LTR78,-0.905773830783507,-3.09466509516603,-7.29232288476114,-7.5105076468707,-10.8854782487095
LTR72_RN,5.90691058416551,1.28687003394397,4.77137916037204,1.25860903793384,-4.18684885329637
MLTR18C_MM,-0.388011793316288,2.73046683187961,7.77014322518648,9.23784886898668,6.23792078837492
L1MCc,-5.7599995882936,-3.64695334803354,1.79028563561775,0.535934104576904,-7.20355720465952
RLTR24B_MM,3.7213081457341,0.947311117680005,7.30510172604056,8.78012509968314,10.5914516938263
LTR40b,-1.20111455453626,-6.84417873601315,-3.79460630864373,-8.45695867223093,-11.0089611927408
MLT-int,0.852566492076937,0.798460295604342,-2.64710515893466,-5.50102980259906,-7.87338639351525
RLTR19A2,-4.27487089987953,5.01415315231254,2.97062697355442,4.88656181399646,1.21525666514569
RLTR10B,-1.916844121019,-7.06866338712749,1.56033173599185,-2.24771564572884,2.64293065817142
L1ME3G,-1.00925819054066,-5.30313403841734,-0.398483386149939,-3.66996191013081,-9.86514688528395
L1M4,-19.303532006815,-21.5094786345892,-13.374349031554,-12.6438678423671,-17.5063764399954
LTR16A2,0.509506496201636,-0.110586867698598,-1.86623442658098,-6.55802236611451,-7.81125562168718
ORR1D1-int,-3.44096646086805,1.48170015805422,-2.24012473325503,5.72370237497692,-2.30765551668571
MLT2C2,-1.75523352785744,-2.77498396243357,-5.76142561885888,-8.85015656568071,-10.4788290071207
RLTR9B,2.07719520173806,5.94301175775535,-1.20871405766523,-2.81061501429019,-2.7832617843904
RLTR12H,-1.25573523436687,4.76677706388382,-4.26564428961435,-3.63103466802939,-3.66993697778322
RLTR31M,2.34576438803933,4.90124468582335,-3.03747703107128,-0.491696392781439,-4.12757826417829
RMER6-int,-5.9381368313737,-9.01177862071566,-1.18723290920151,0.246846429529592,-2.80760865001269
RLTR20B3A_MM,-0.231267692174389,3.92493558188072,-4.42355064317973,-4.69503019010022,-4.1189554884087
BGLII_B2,-3.44511541089406,2.54702272436722,-1.56874578721192,-7.73057665561494,-2.6800032162244
MER90a,-0.119736538041431,-0.256582398085621,3.24204980024339,-2.68048919388537,-6.63969573266695
ORR1C1-int,-4.38731519333355,1.97697847712177,-4.73850177384459,-7.78569976125168,-5.3448166701493
RLTR20B4_MM,1.87844492941355,2.71396730226435,-6.35585801685438,1.09805858770132,-0.27004084848108
RLTR1,0.120073041542489,-5.22763003016689,-2.46639263386409,1.80587779725949,4.02510176481416
LTR53B,1.49819706377322,1.49885365524025,-3.75382492940674,-6.24732499696257,-4.68053553761389
RLTR13D1,-7.64730262051203,-1.64182250343629,-7.86284401235345,-0.502674470330322,-1.56387966621428
MER67D,-2.59633459657571,-9.94382761914552,-5.16739357863483,-11.3303222426387,-8.79932696782622
MLT1N2,0.323888016556201,5.53764579407318,0.25372281528153,-2.78737804698708,-3.63019799938915
MLTR31F_MM,1.38462935227531,8.89421395196972,1.37793852378107,4.38879609827757,-0.137592239656426
RLTR48C,5.8894240309183,4.47570361393576,12.488839209495,9.76570436451823,11.8719987421396
RMER16B3,-1.25414850503993,2.84779747695115,7.99835775630066,6.02585094593602,5.4582242101945
RLTR18,1.84202446699471,6.50066855210749,-1.38981173599454,3.93846775183788,7.38206431833234
X6B_LINE,-2.69865091749315,-4.98542049980886,4.09194052958021,-2.79025217035847,-3.84393571886414
MamGypLTR3,2.27379216523988,1.28075814983168,-5.24359959665858,-3.103437627357,-5.12136074290424
MER57E1,4.61691833073053,-1.09123039629205,-3.8852732637753,-3.63184447207898,-3.0163023604832
RLTR34C_MM,5.48420293795747,6.66730140638845,3.37339359097014,12.7832719725799,6.11854140655678
RLTR42,4.48152800094034,2.34481979206647,9.81971470767837,9.79255110607439,9.36223448585651
LTR88b,4.77009531594308,2.32999938977195,-2.46470677300042,-0.48514011245224,-3.80763137779248
RLTR31_Mm,0.772686706402273,-0.115632901567134,4.08112695313036,7.23850065003611,7.32945449324467
LTR16E2,-2.54751968863591,1.72677475711874,-2.34637172905871,-5.02791502234026,-7.63972120009441
RLTR44B,2.5626723670783,12.2766894727994,7.48777699346074,7.56871461313415,8.70653257841087
BGLII_C,-2.30464431508624,2.08559479468351,6.10344496438246,5.98857480075389,2.03178957125974
MER74C,-1.56262432360388,-0.683793555561807,6.61254203628534,4.64080956967667,2.43793302260153
RLTR34D_MM,8.40286344905485,9.72679146255658,1.31010686516177,7.18626298224831,3.94021012394806
RLTR46,4.45242210237219,5.15985582001145,12.4548584771783,10.366427204339,9.23940971492904
HAL1M8,-3.0717651641924,-1.6046215105605,0.424872398821224,-3.64813264621934,-8.72608308885866
RLTR14_RN,7.22119604859344,-1.21466418345025,1.78098757217285,0.141980841180365,-0.520069273459991
RLTR48A,11.2925609181021,9.42454242084371,7.23185710207259,6.3522750069899,2.43769266989898
RLTR35B_MM,7.00565031691006,4.84731414887259,-1.96374345391779,2.60851972031951,4.02931622765844
MER74B,0.0187443241346375,0.167703204091608,-2.60566354295515,-3.96004193603642,-7.96877356556612
LTR52-int,1.9941229537802,0.055133514319494,-4.21161185834482,-4.07153351510343,-6.05317876333468
RLTR20A2,1.4114343433552,3.10291165893481,0.120106676221939,8.50387961676302,1.2318945545625
LTR80B,3.18849908017494,-1.63315788054534,-5.63776037897163,-2.76121484281268,-3.71576659443819
MLTR73,3.47815785307365,1.65161523393137,0.6502886156928,-2.71651113637028,-4.58919840801405
ORR1G-int,1.08153056486337,1.90804842213515,7.8617689508853,8.02877596184664,5.52799272168268
LTR55,-0.497326732083198,-2.17977408512574,-6.74758224465101,-6.68366000765243,-7.9247749976774
HERV16-int,3.10332530475431,1.42909991170765,-2.06667589444814,-2.51714055278254,-4.94773872221351
RLTR31B_Mm,8.05144018692595,8.6852195275966,2.92849940404974,7.14782455177063,1.52570904853001
LTR82B,2.77239975649236,-1.1854494313809,-0.552901221381855,-4.63073288584228,-5.05242311424347
L1ME3Cz,-1.7157341005093,-6.22999333753474,-4.25058791549908,-9.96830707332836,-7.8480658904222
MLT1H1-int,3.44935354610091,-2.42285054582213,-4.33353781469703,-3.76504380248225,-0.0955023975781315
LTR9A1,-1.45227585778386,0.75325429849174,5.62212698223824,5.9833826439214,3.01365345604033
L1M2c,-6.73594344742936,-6.84399732068832,0.28323257182775,-1.37544566179278,-3.83001561911244
MER34,3.0931390275467,-3.12319922512622,-2.23954912761379,-0.496853160219401,-5.37683703966277
L5,1.35490505647607,-0.292524880060939,5.0923080413494,7.51709135981969,1.69925114045576
LTR16B,-0.844740578893636,-0.284223695793841,-5.1551008219377,-7.27095945288131,-5.97046115322753
CR1-16_AMi,0.512175407011853,-1.21622342016035,0.0502522334545108,-3.84498649463519,-6.99540022205259
MLT2C1,-1.42579792802814,1.02165192352605,2.07283472939582,-3.42911089168617,-5.51831581718432
MLT1F-int,-0.254250281888691,-5.50790793678358,-5.97329835355123,-7.65192548904928,-7.75804666315957
Plat_L3,-0.336489665608159,2.43506261534651,-1.60416314207358,-5.07454500475316,-4.36551587251887
MER70B,-1.20470850910701,-1.51929476547043,-0.697549791102583,-5.75284151672244,-7.42443097502659
RLTR31A_Mm,-2.05078491854385,5.28129812906503,3.58256069419885,3.61353666692661,-0.15790729459414
MamRep605,-0.0366369283617668,-2.61177942982111,-5.63878096136329,-6.28689797750566,-7.48905695010841
LTR53-int,2.94390996965232,-0.799334202920312,-4.73121215207113,-3.93843203649436,-1.25403380427669
RLTR30D_MM,6.03496243847264,2.3866352780092,-0.244203677844402,-1.91409260077584,1.58693976027632
L1ME4a,-6.35551096603083,-7.52313278826099,-4.89627739566886,-9.91337643247033,-12.4649599209353
RLTR9B2,-2.02070130337299,2.65372157181825,-5.40481670007368,-2.78596962373021,-3.46168441329045
MLT1G3-int,-3.39144165603602,-1.61758142210252,-2.56657294291357,1.20389989193406,3.84108538316004
L1MEj,2.24152422893932,-1.14098711504039,-3.50416165144075,-3.22119595217346,-5.65731626245937
L4_A_Mam,1.41927381004564,-2.12796936763611,-2.85257012809638,-4.24174995680081,-6.64529774807715
MER57C2,5.1367927553768,1.22477233440783,1.03870636580425,-3.04418451131465,-0.072275841488792
LTR28,-0.0139203529571411,1.80680367743373,1.64521931224394,7.47257388975283,4.39371578975294
MMTV-int,2.81854995987145,2.28799870026159,0.202559799956776,5.98636239885225,7.44752213877208
LTR86C,4.26165821889587,-0.872854656248062,-2.25062559606921,-2.22996242965078,-2.89979334799118
MLTR31FA_MM,-1.51599384125195,5.4293164592595,0.156867402364058,1.86663536531019,-1.58949248938615
MamGypLTR1a,-2.29356977027544,-0.433854483745109,-3.70901003873499,-5.99128554163779,-7.76189219468928
RLTR40,-6.31116937903125,-12.7136137196219,-7.4353806937928,-5.38971965652216,-9.34923130713684
MLTR31E_MM,-3.5668686647588,2.48459359117997,1.7004795335365,4.1237220013271,0.487656785231258
RMER4A,7.36247828335257,8.18826357221846,9.90385898206855,12.2452153059593,4.48061679925363
MER34A,2.69914567182827,-2.18588206709858,-2.83544436867633,0.843362971621402,-4.43763248196183
X6A_LINE,-3.36121741859457,-1.79816438328308,3.3159101229814,-1.20135722962098,-4.01412361228397
LTR37B,1.65779456180917,-3.23202980724944,-4.94190982171533,-5.64625080496965,-2.39666199901729
RLTR9A2,-1.540093891797,2.93902493176313,-1.83767067763424,2.39058279601137,4.58278467981069
LTR84a,2.60379824944703,0.430284332683106,-2.68795103513853,-3.887065442415,-3.69474022172219
LTR37A,0.0534572828149188,-4.36324803982016,3.06123170005887,0.205581730234701,1.96071556844478
Mam_R4,-0.353322183447761,-0.990154913754393,-1.08111587172722,-7.31011123271965,-2.25128886610068
MLT1H-int,-4.66817888668019,-3.79637770223672,2.11479452174367,-3.89242432822789,-4.23768570471891
LTR33B,-1.87977682375795,-3.17966288291974,-6.51990560015569,-7.99051693958732,-7.93527058318365
RLTR12D,4.47199618475026,7.7626238714762,6.50723023051418,6.11656974669941,0.570213337718021
MLT1A1-int,1.00238252191081,0.199910527036228,-0.943017265097638,1.53533022653502,-5.40935185191432
RLTR43C,-5.98464288286988,-1.95583270207522,-6.50471548232138,-9.73353711805791,-5.86926744942597
BGLII_A,2.10081170201014,3.9740994372657,-3.42047445873873,0.496051291591811,-0.0504729755559047
LTR45C,3.29757645895364,2.14959622663681,-2.08568744686087,-1.41244584260487,-2.90786043210879
MLT1E,-2.13917268387395,-3.78342177534846,-7.13883639036512,-5.63127657841535,-9.12257926955074
RLTR20A3_MM,6.64781050700009,2.51853412880092,2.270985387337,2.18957567966586,-1.05902678274638
MER65-int,-1.14925601166988,0.398466993579651,6.00714111937821,3.21337286822523,2.25325037954685
MamRep1527,0.358256546780284,-2.20567453390731,-4.09480218035589,-6.28420715924038,-5.80116381281303
ERVB4_3-I_MM,-1.59623913337452,-0.00366907342293277,-5.37352141393098,-6.74372847803509,-3.27192815985189
RLTR20C,-4.63731675277576,2.68953284729652,-2.86749013068664,-1.8093762215792,-1.10272269990936
L1MEb,-0.401289650990112,-3.06202508733254,-1.96457858563781,-6.77476502793444,-6.06365963416466
L1M3e,-10.8976078559368,-3.5052749521219,-7.54952059894463,-6.78023990244328,-8.48795292237977
MER4B-int,0.888348930083221,1.37288357529373,3.98472846973318,7.09979849920903,1.00336471548088
LTR81A,-1.42790217360652,3.78788876767738,-0.948722861703958,0.382981771094848,4.33772779768736
LTR102_Mam,2.99334524457129,1.91214575883834,2.31115294862316,1.64192543836207,-3.66381950672952
L1MEi,-1.72038031032217,-0.726738204785703,-1.09993020833805,-4.11331692548618,-7.12083366545607
MLT2F,-0.320049426477574,-1.45815820236466,0.232595126101655,-1.29619391701349,-6.4280141661356
LTR41B,3.48628897173162,6.6085880206157,4.56799481878208,5.00157993701086,-0.441315994122891
LTR40c,1.597850128284,-2.19502312850985,-0.974471539149498,-3.94975457599276,-5.18859740405666
RLTR20A1,-2.9114807574488,-1.19043268646989,0.553556579157528,2.57922846817836,3.43750992030867
LTR109A2,-1.8449403664534,-0.495633768416696,2.66649090157041,4.21161908405881,3.37528002811099
L1M1,-3.97614872922764,-5.1584613682328,1.34433500169325,-4.618896266107,-3.69914567353006
MamRep1151,-4.22250721940362,-2.83575848961061,0.52724086242197,0.472178135167186,1.99659680505271
MamGypsy2-LTR,-1.24378004292352,-0.0543012396075551,2.67280392891723,-1.68525838318106,-4.47365979777837
MLT1B-int,-2.06601725651992,-2.14044332633671,-7.84255895040958,-6.51284569508049,-4.59439011066226
MER67C,0.625038354097514,-5.18677622718489,-4.20006977673991,-3.25047096763395,-6.00139579373294
X5B_LINE,-0.0491452585750139,1.76810828648322,6.14338403920407,4.52088823626472,5.20064982459271
LTR16D2,-2.40416405350755,-1.4593299876269,2.38337466132199,3.52517982676724,1.77812446986557
MER57D,2.21351617373162,-1.23377645530901,2.36555915705192,-3.72767410157006,-0.498317322150336
L1M2a,-1.34041905070734,-2.47334528508582,-5.4165618064529,-6.22477725800687,-7.30047840812901
MamGypLTR1c,0.786802856694893,1.1974025069345,-0.348222949125616,-2.66278296834479,-4.82150030313571
RLTR9A3,-4.17439230395996,-2.63811423063326,-8.01496901495881,-4.40874409955229,-8.35309498199413
MLTR31D_MM,-0.227502083005198,1.91932910574376,5.19877213329457,5.89243178439354,2.43175632300928
MLT1J1-int,0.387392458550637,0.801515884952416,-2.44699360092124,-4.59238386811736,-4.12912437171331
RLTR12G,-2.01714297171798,3.00197630979694,1.75668365443031,2.00463268447552,-2.38904616923109
LTR52,-0.947596863943872,-1.73276684311473,-4.99083791734327,-6.26907269177972,-5.81425279714559
L1MEh,0.882785704708013,-3.81651466994846,-2.68449616610056,-5.54369311871478,-4.06525903178315
L1ME3B,-3.84126098075949,-5.3956093634037,0.016448383888273,-1.19102824025976,-0.0440718465293472
RLTR18-int,5.94042606647652,1.55843790017144,2.03096245356812,6.71510670330457,2.375892419529
RLTR19A,8.64619441122943,11.5069715015164,10.1522335971483,6.16427745668431,6.05751061888246
LTR81C,1.89268224064946,0.154131548434567,-2.98051767370612,-0.223019696007085,-3.98957304807858
MLT1N2-int,3.40847225086693,0.862398147905686,0.953169355188075,5.94232091459234,5.46921013084169
MER68B,-5.05865470920655,0.023916271096579,-5.34313504692073,-1.31672310615812,-4.24290745653935
RLTR9A3B,-0.778046464191716,-2.47201325057803,-6.49634668824263,-5.87066831164368,-3.27864359709029
RLTR30E_MM,6.46600447576404,3.76794101436791,1.56808624439162,5.78337468106079,1.23850191648804
LTR83,0.354898984527749,-1.32415597949129,-5.55653746715047,-0.946718977533517,-0.0616870831439013
L1M8,-6.8335876196072,-4.80743548568938,-0.845766792460595,-5.12629505571181,-6.3452913221398
CR1_Mam,-3.18337750732464,0.147012955870131,0.167253870494562,-0.449999521489846,-5.09601609441557
MLT1G-int,-0.681541735752331,-1.38454488575385,-3.63900030209675,-1.66820160248857,2.80872596143667
L1M3de,-0.567938976887634,-2.45844587486096,-5.02930180718336,-4.83885147442886,-6.45024409707369
LTR40a,-3.54005590877173,-8.07644146910117,-4.76105612359318,-7.29392391906446,-9.12362592249651
LTR85a,3.56550967300287,-1.36102480207226,1.36769319899907,0.986967932554887,-2.29994041784587
LTR40A1,-3.89522129486254,-1.84853522046491,1.61537020867592,0.602521579351997,-2.67018349424345
MER72B,1.61999348268257,-1.01353066428019,-2.34464775822755,-4.47061114243451,-2.85105043071924
RLTR20D,-0.166171495104151,3.9170443017325,0.527654452691328,0.853349655745453,-2.38158830035517
MurERV4-int,-10.96942887566,-9.97059106553671,-7.11773577666759,-9.7010736942081,-13.3819053900562
X7D_LINE,-1.70319828007993,-1.06251457860919,3.73827650224925,0.148048598200879,2.12323800306997
HERVL74-int,-1.25921186749426,-3.90260794107469,-7.05241538828155,-6.20252663158405,-4.20518419299375
RLTR30B_MM,3.42753044637971,4.59520162354144,1.69164330164984,7.08597521693785,1.72127276961096
MER70-int,1.75854551337693,-0.712932056359749,-1.2973029163084,-4.52572680153927,-1.67777715698188
RLTR47,-0.366467355624161,-4.73462132955959,-5.42018892724734,-5.86914129406098,-5.12948206387362
L1ME3C,-1.52663537176774,-5.4310880380303,0.428026232319906,-0.833785503998373,-2.8506283075121
MLT1A-int,-1.73219181236803,0.92870563989244,3.0495457732937,3.18114043230284,3.56390024497285
MER72,3.21550715876653,-2.01977132068602,-0.660723161799361,-0.515701373438234,-2.38601493346496
MER73,3.84321930659871,-0.40825960962285,2.80967800977501,-0.532431086071291,-0.99319039045231
L1ME3D,-3.92998292182884,-4.39662888199803,1.15237095459279,-3.15814429261244,-2.96159456774188
L1M2a1,2.6341529330693,0.650431764820673,-0.254063190436648,-3.12040561105794,-1.67577686294162
ERVB5_1-LTR_MM,-8.36146412602531,-4.17190288589683,-9.83601746592152,-8.40641813730825,-6.4029248720192
RLTR30C_MM,3.19999711879452,1.18852478096196,-1.46243212318918,-1.35831864018849,-1.83591423419206
LTR86B2,1.62568953010687,-2.99913547470641,-3.52863893359943,-0.784063235542121,-3.07673336583845
MER54B,-3.76232790368694,1.2944506083494,-3.94486674794202,-2.42373369877809,-3.25988602187588
MER92D,3.99137075250399,4.46072991444499,5.05249893698163,3.64508242388835,-0.383596355015028
LTR85b,2.96910667949667,2.10979126455416,-2.4037239876133,-0.183126660501796,1.73513527783384
L1M4a1,-4.53658849311324,-3.93505660871998,-3.36725517561692,-5.01261482636745,-8.81452488023283
HAL1b,-2.026395638124,-4.90989299990994,0.725785509334399,-0.264205963093618,-1.98650807544828
RLTR53_Mm,5.27964890030667,11.1891347455838,7.1235660353293,7.48666977573405,7.70971831033992
RLTR12B2,0.325407851665954,0.810274916332634,0.97856508121717,3.95235807845287,5.07762762395882
MLT1E1,-0.904213485893978,-3.5740464728259,-3.67319100983506,-6.32740704595653,-5.70955719496938
ERVB5_2-LTR_MM,-6.99539583638277,-12.8205387023573,-11.250462266266,-10.1492464587412,-10.3712074805756
MER57E2,1.34724500212521,-0.508276575396959,-1.41865389711854,-2.24511617390609,-4.41111019345359
RLTR12F,-7.00665016388692,-2.88878673159286,-1.14941423957561,-3.60750268107453,-3.68055576751928
HERVL40-int,1.29144246329697,-0.565196509289407,2.29743031343977,0.459609170850126,-3.25748113983935
ORR1C2-int,-5.33851852091662,-0.157513837680581,-4.04401433802412,-5.19294618788447,-4.39820458999159
RLTR44D,5.52680833410471,10.5273095803149,6.41778109786935,5.46163703209209,7.84857800876421
LTR90B,-2.47306989154312,-3.87429335251633,0.858768549701607,0.626026211681975,0.175348246015387
LTR104_Mam,0.594108674783102,0.162995325570614,-2.03510269813119,-4.21654205126508,-3.33731525581238
CR1-L3A_Croc,-1.5681966362005,2.29465981000416,3.05379709970615,3.68489275118554,0.676388835151245
LTR80A,0.470270554216942,-3.94072687450035,-3.45884054939027,-4.0087718909032,-4.94684098109515
MMERVK10D3_LTR,-1.32756079055152,-3.27693979163249,0.454907159777551,-5.02470736875048,-1.26838382479748
MER88,-3.25165462368681,1.5753472928334,-0.359774746169449,-2.82258843698745,0.48369510120153
MLTR18A_MM,-4.46143285258083,-0.62819814243723,-5.38257069669968,-1.03115172444326,-2.55283240078157
MamGypLTR1b,0.279735726104763,-1.97046482150386,-0.562982557385225,1.31450359408348,-4.01821512407477
LTR16D,2.16548051094166,0.968175774706731,-2.79127857550677,0.517010192483727,-1.90470213670661
LTR58,-1.95662110047075,1.34871291212523,-1.90830996684558,1.55889730813452,-2.86744137849819
L1M4a2,-3.90974755676812,-6.05876250148677,-5.35143620811479,-6.47071435719903,-9.49453928969615
LTR79,-3.97174376470221,-0.801667989671252,-0.595008138583364,-4.02215594598372,-5.06130193660968
MLTR18_MM,2.99894293202792,3.45902006261836,5.96886049980548,7.72563171751765,3.45295056558133
RLTR31C_MM,6.71276759189178,8.17058463162088,6.40832395700533,8.40272328691187,11.5550121351132
MER31B,-0.29473531444269,0.682719916506096,-0.104871287834817,-1.59877492812419,-4.51454132043516
LTR105_Mam,2.71979398688353,-0.296674313791729,-0.799283204235698,-1.41526373225201,-2.75177774224739
MamGypLTR2b,3.75595630248582,0.610924572591243,1.79237629913646,0.306918411391955,-1.7479732592951
LTR103b_Mam,1.16549125354173,0.897193297262071,-2.94936191924253,-3.05889483531779,-1.12865640287394
LTR87,0.572526310359154,1.93612141228963,2.0328190712307,0.620559583987828,-2.95276849720832
L2-3_Crp,6.05700207859443,2.38547941639443,0.833762216640054,1.85602923228892,3.32125122703753
MLTR31A_MM,1.36948071293021,-0.223049276279077,-3.6512616722401,0.623812405076104,0.648631093922872
MLT1K-int,-1.08328840057259,0.698369548231202,-1.13697278061718,-1.14052921398761,-4.73879891044427
L1ME4c,-4.08443962682973,-7.05196371957508,-1.7918532859302,-3.86135698039835,-5.61686497798939
MLT1-int,-3.89501734315715,-7.31043497219283,-1.8595761430302,-3.63380751007407,-3.89850085380491
L1M3d,-1.95823133959819,-4.32719384450139,-0.979563465178115,0.692686316818846,-3.26304026734465
L2-1_AMi,2.88013832954424,1.05449986480394,1.31899699860335,-2.39705074112903,-0.0116532374427388
LTR88c,-1.30151708833073,1.96436713079291,-1.76480271587254,-1.52248121690164,-3.36954629417275
RLTR20A2B_MM,-0.353976906585063,3.34921134300502,-1.68885321088743,1.76240704994119,1.07843711639044
LTR41C,0.0777812923555301,3.58449008024939,2.21232067163155,1.4743051693762,-1.43749637572767
MLTR25C,-6.70566638289919,-10.7928965472849,-6.83419482539675,-7.50890217480272,-10.1283031475821
MLT1A0-int,-3.79196189434402,-2.92303641323006,-5.62565734362017,-7.16139519222307,-7.07636153183437
RLTR12C,0.156944611076224,2.00402970009514,4.17971348930033,4.99407588118717,3.43563003019332
LTR31,6.96825929079828,5.21360884470621,3.04096782000453,2.5850783139041,2.83948015676995
MER110-int,2.87748406970569,3.4410165724169,2.52918772284504,1.17638301439616,-1.30915397985592
LTR75,1.89940768583775,1.50891567388724,-2.73836080693282,-0.998049282766205,-0.131966712456179
MER49,-3.16455597409331,1.5639217062902,-0.175496759636088,1.35890062389197,-0.248255013523586
MER70C,-3.73625024915552,-0.627892547388339,-3.40081460042856,-4.30760132248129,-5.79028859435954
LTR81,-2.63019929649614,2.11963352225468,-0.6315361272747,-1.19901939476232,-2.27115807451275
X8_LINE,3.25778989855127,-1.44882188590656,-1.08251517800871,-0.492542539316365,-0.0770496537347668
RMER16C,8.9058355797541,6.27947204988728,4.27195164028231,5.60167539994314,8.08220101562547
L1M7,-2.94124192572688,-3.55494585541112,0.0728868407311806,-0.274654953206973,0.489266176278319
L1M3a,-0.337842975356397,-3.35743254665594,-4.74782034661122,-4.6637605963507,-4.48427885598724
L1ME3F,-6.32986658811621,-6.07324522903706,-4.8249127659182,-1.89117580408033,-3.4874345329399
MLT1E1A-int,-1.85688622562115,-4.57653407223743,-6.49636935498294,-2.36423442231547,-3.62113622878296
LTR106_Mam,0.566745968569102,0.072713117259794,-3.42468046109108,-3.2399105844817,-1.06252967439628
MER66-int,2.09920062752501,-2.15812585071474,-2.0673080388021,-1.92260251427334,-0.190843129235848
FAM,1.47889925256548,4.1502022128415,5.50738003514591,4.01279443972425,6.27002934415872
ORR1F-int,-2.0632952443846,-3.20891291982404,-5.68672268092268,-1.85876032910727,-5.46211208180736
L1M,-2.99296950986215,0.715428149066643,1.92997445198685,-0.167850285538176,-0.205691895317471
MamGypLTR2c,2.21744134282286,0.104869702651851,2.20894930248126,-0.339945605477247,-2.03066959120326
MamGypLTR1d,-0.452151263290245,0.427815790323238,-2.29185832216182,-3.79595327337098,-3.24403233841722
MLT1E2-int,-0.342168959802181,1.57004099393476,-2.62060847874108,-2.70748763804814,-1.63126944295037
RLTR46B,5.84225179931022,5.00365655266467,7.31720118529572,8.32312016089034,9.41226012470738
ERVB4_3-LTR_MM,-5.77557091285125,-4.29903796650416,-4.96546123230434,-8.8232344839697,-4.98561974311023
RLTR13D3A1,-0.7054416290836,1.39947820284532,1.36045858966841,3.87117232406499,-0.111721020087075
MER110,-0.036041675057804,-2.0197868728962,-3.48249723752359,-4.40346467997955,-3.90219678407538
MLT1F1-int,-0.633376685301902,0.313080901010679,-3.26523417799725,1.33213866566551,0.403631821491251
L1M3f,-0.505305955944021,-3.22496918702685,-3.14886232766712,-0.954462112688626,-4.70648938195493
RLTR30D_RN,0.33669814365376,2.7204431526712,3.01832193485814,4.55032856256115,4.58391889808774
L1M6,-1.57170828147149,-2.89363757676772,-1.41175947275213,-4.84281443319303,-5.02970959192012
MLTR12,4.72282994330379,5.36621366382873,4.20416125552193,6.42182566268517,1.8234722786012
MER34A1,-0.9819876817438,0.352589594310772,0.161307204787793,-0.843620694159216,-3.90940720357118
X7B_LINE,0.381809277637951,-2.88315994826475,0.824329213267827,-0.341007362475239,1.55581667780987
MER76-int,-4.23630995986598,-1.3619319059729,-2.0673080388021,-0.457167906927162,0.147608129939502
LTR9D,-4.08283818061543,-0.0786962051540486,-0.0645771127138098,-1.35724993179709,-0.388543872577856
MLT1E3-int,0.539474518337928,-3.51401594948736,-3.68341345922969,-2.42054502255589,-2.38154429020679
MamRep605b,2.05728738495825,-2.39672383874083,0.457820012118269,1.27141075809258,0.699736663867735
L4_C_Mam,-2.76418173247224,-2.3278877936061,-1.62767869098745,-4.2410143108486,-5.83538945154692
MER50-int,3.10366889409061,6.03163040633798,2.05093998122219,2.01936315426695,4.14103747843588
MER90,-1.94814479063338,1.14783111264691,-0.275580661207497,1.46321635425688,-2.04528700288706
LTR75B,0.630365984403384,2.73987483491431,1.32280382303993,4.92377282652674,2.8068668371609
LTR91,0.606107632526514,-3.41928204608026,0.605681957304398,-0.881102366375126,-0.752941492900952
X7A_LINE,-0.0667317128126801,-0.536188269380661,1.9808942213557,-2.44294374107496,0.782837322129915
LTR101_Mam,0.536982117963366,-2.0282168587542,-2.83465129732819,-3.66050880449986,-2.89018979835108
L2-2_Mam,1.92388239032322,0.637612893821768,2.56872928486656,-1.31166183177346,-0.476937649181577
RLTR20A,3.96914148954096,4.97928714973955,1.03884147069773,4.88971461432309,3.27006306892901
RLTR12A,-2.87031006926272,-1.01670354711894,-0.910955528938373,-4.22202692198206,-4.09372956623679
ERVB4_1-LTR_MM,-0.264490907197401,-0.602678448065921,3.02819418280239,2.19643219558361,1.90240905606251
LTR108e_Mam,-2.40604849904438,-1.04703362651502,0.633419119430237,1.60381477006788,-1.11009946921278
MLT1F2-int,0.687649095806022,-1.67629373985684,-3.06802289775552,-3.00476148793306,-2.67852606960536
MER101B,-2.94780007811292,0.164708379463093,-1.31768711218257,-0.868370404546613,1.22377900218658
RNLTR23,-1.92820830914878,1.00503792604285,2.32273406283049,1.039483897253,0.267771120109773
MER70A,-5.26079224276112,-3.89585759049569,-4.19690942810749,-5.76508341770274,-7.82472746667518
LTR85c,-0.529036763240576,-1.34490406877929,-2.73078968357142,-1.66841911054485,-4.56785112656233
LTR69,0.111600712597821,-2.13112080366372,-0.197134091411689,-2.39735429911632,-3.55995553522905
LTR29,-3.22774376525987,0.249216561274006,-1.98518852780691,0.224469421661528,-0.221988871189328
MER77,-2.24647283787547,-2.31016658764628,-4.71860270087614,-3.08250903047934,-5.67826399766455
X1_LINE,0.135883351835084,0.788635824975283,-0.428148321669062,-1.52708831950678,-3.08402065266429
MER66C,0.109727923748075,1.69843070860147,4.32687260671333,2.46053721446724,2.30597701454647
L1MA10,-5.69858821311921,-4.51043775156263,-1.61416218597759,-4.61752464433947,-3.91655535451939
MER92C,0.936348570929787,1.5246997103256,3.00206477510197,1.53296688255354,4.67749531221263
LTR84b,-0.300403467314237,-3.08320761212923,-3.96076187564486,-2.58768906129394,-4.00792233353485
LTR90A,1.81474312308722,0.477927300426934,3.81908633724104,4.16994195498004,2.23049567792538
L1M6B,-1.94999084744763,-3.42333202900708,-1.06988837652393,-0.395984383218476,0.515399428200919
MER76,-1.5791302801046,-0.703882000992594,-3.49722333676927,0.551302001710769,-0.662950550924057
MamGyp-int,-0.0975140311763865,1.46811278803271,1.22650502836512,3.36062147434158,3.36255412639999
X2_LINE,-2.4699076820426,-0.657862263966658,-3.22256709863825,-0.615128048261747,-3.88585016735668
LTR108c_Mam,0.751300005309635,-1.06553992793534,-3.37391704983727,-0.843081870879613,-1.55864860204666
LTR108b_Mam,-3.2083619996517,0.705561495466586,-0.821885764016146,-0.461288595938276,-0.0141645453847372
MER31-int,0.92947874769314,1.64775940471926,2.53909747387183,4.40044851163873,3.9742929342362
RLTR12B,-2.50736432894144,0.444487429913405,1.06888776479002,-1.40535738206508,-1.396970192081
LTR28B,-1.92163743932033,2.18961884844148,-0.270285905732203,0.350027752649607,0.0719223501952063
L1M2b,-2.37497427675986,0.67799796687692,-1.86603239965938,0.577461216549531,-1.81037311150725
LTR48,2.17686567046486,-0.562654451899529,-0.586274689911774,1.17197297411016,2.48031798713428
RMER3D3,2.05735133779424,0.497557301808003,2.14784450398484,-1.08150068536492,2.22932593289342
MER50B,1.36014518310504,0.936813015786125,-2.00006564879133,-0.447322028963603,1.27180522202127
L4_B_Mam,-0.772578303934608,-3.58377280645883,-4.3819532286347,-3.4016313653758,-1.97208549883103
CR1-11_Crp,-1.90383148704769,-1.92206111153298,1.52284817013665,-0.180593482674977,-0.511382896424183
MER129,0.59482753441865,3.30862525981777,1.05091521824962,-0.621038919642889,0.955926647475905
MER89-int,-2.51558662994335,-0.95492732136577,-4.153764059127,-4.44786791191064,-2.78377038038017
RLTR19C,7.31200109664983,7.5252385091528,6.68612102706381,8.58830804690353,4.79689182694758
MER57-int,0.102902237827808,-0.403145060094741,2.04728945310614,-1.07252550752463,-1.54650849522261
CR1-1_Amn,1.90096641370342,-0.211388665743865,3.5307001842646,1.87213344919443,0.974886229606522
UCON49,0.359763687541808,-0.93611313706568,-1.08776923005654,1.43800859573831,1.92785551559877
MLT1H2-int,-0.581000281585049,-1.51835326393522,-3.31600678285162,-3.93075080908974,-2.57156635521879
LTR65,2.62531805674158,5.27043185041158,4.55210705402631,5.21599555725607,6.23102093524122
MLT1J2-int,0.858620982672173,0.266479587194095,-1.36994106310808,-1.78713323632315,-2.23173075308658
MER87,1.7539130358104,2.49059277018439,0.975048563137269,1.03345724847154,-1.10302996971031
LTR75_1,-1.98024111994132,-0.55178440310067,-0.124502094142263,-1.5948484913422,1.40373802512725
LTR9,0.0975061924184732,1.57863700893909,-2.04455421235851,-0.85402968734071,-0.127524126908456
LTR88a,-1.87032143562134,0.661038348312819,-0.5653459696888,1.39965300191445,0.941791207058632
MER110A,-1.55984246456204,-1.27253430872905,-0.277261683327376,-3.88432450220017,-1.52334283293231
LTR107_Mam,-0.277194698348854,2.30824437331648,-1.14515970955693,-0.474286364661819,0.287396685270555
CR1-L3B_Croc,0.041164820024275,2.51597923611386,1.05480148262595,-0.88737752499847,-0.102807379364818
LTR86A1,-2.30182294254797,-3.22664894747572,-0.431235490414372,-0.50637346878025,-0.425135868913329
RLTR41B,5.68027735371766,6.19709296627394,3.39791379439452,6.71416975507604,4.791927558055
MLT1I-int,2.3970295286715,1.33649133737592,3.2797175995084,0.941837654139702,-0.0840867674546887
L1MEa,-4.69190175936187,-1.47510173634174,-3.61305152250334,-4.32317138040762,-4.22134971177119
RLTR19D,-1.75680474322152,-0.0875655319526653,0.808401768310338,-1.09028028137942,-2.39689280467818
CR1-13_AMi,0.934004215761314,-1.54831399998452,-1.20778235460246,1.26700515368866,-0.771178569807076
HAL1ME,-6.15026596853491,-4.30463859611759,-3.94267073153336,-3.88609151900476,-6.5215781051496
LTR27C,-0.622540425979954,2.18113771973451,0.80545447099423,-0.344440199356819,-0.886730326454166
UCON86,0.993819522325,-0.328451156059351,1.83522226250849,2.36142501249935,2.89183286145771
MER92-int,-1.25466701113538,-4.38006088399779,-3.58588747694855,-4.22046349994247,-3.68506342891176
MLT1C-int,-1.57930593786673,-0.679361479538784,-2.62851567893469,-1.4604898632089,-3.93618368753933
MER95,1.56230505960155,0.0153163898442946,0.685615161642957,-1.58346225150044,-0.912564531471242
L1ME3E,-3.30952670005244,-4.15094397768134,-2.9311546383774,-1.30394868299512,-4.45048880744771
LTR73,1.41518995046957,3.25847834911406,0.647129415175019,1.97533260600279,3.58181223985085
MER65D,0.898098006571022,0.135171287747714,-1.42193477735924,0.903557864875293,-1.58406158204952
MLT1D-int,-3.52832343267213,-2.66665524158573,-4.31800550281008,-5.91604249147884,-3.64242840980193
CRP1,0.250960121262944,-0.40721723296847,-0.575529038130921,2.37117359124475,1.0928096920855
RLTR9A4,1.41685983245329,-0.600184438002894,-1.01339573188886,-1.01015984213017,1.20776704918178
LTR37-int,-4.08024538718534,-4.80507716346628,-2.39466480197211,-2.97053321572815,-1.85332511265999
L1PB4,-5.77990920972909,-5.79770640808849,-3.52070042429398,-3.50807617955295,-5.56399397511103
L1M3b,-4.84157552567472,-4.45959193375371,-5.76037851982853,-2.58227911445954,-3.69464698018998
LTR68,0.484179740284813,-0.0926908581204314,1.83361033007661,2.71820040509523,2.02812968106866
LTR64,1.35803267011155,-1.47098742347822,0.350224904576532,-0.533630879034424,-1.12440790149053
MLT1E-int,0.365415236218767,-2.75749583653635,-0.700225857314677,-1.05231253984958,-0.669569111677488
LTR45,-0.761360932896564,-0.341655067203792,0.689983801475577,1.74456045568315,-0.962486900535332
LTR81AB,0.26224113844318,1.45891944761508,1.35435883208707,0.838944168595582,3.24312543367497
MLT1E1-int,-0.237411657558997,-2.3540461033134,-3.3064870229834,-1.89654725407485,-1.88080316917728
LTR81B,-2.22259031426533,-0.877949890273814,-1.70830927383557,-3.77004491205319,-2.77185393949369
LTR23-int,-0.641449455642418,1.20877641983409,-0.254063190436648,-1.43300409473239,-1.39757848511474
MamRTE2,-1.80934360257853,-1.61486816986306,-0.236330547752885,0.775446562497023,-0.406429494632912
X7C_LINE,0.16876651709158,0.891180975193245,2.88299179465687,1.79967456106901,0.729437994411526
LTR108a_Mam,0.0248655501940181,-1.53400676934396,-2.4826118141283,-1.25802438020417,-2.56746687549797
CR1-12_AMi,1.13231693805336,-0.908570428330825,1.19009481868875,-0.91173794831685,0.301849657763913
MER4CL34,-0.420699047429603,-1.21469892165718,1.33992274880017,0.312575813674211,-0.845902809434754
ORR1D-int,-7.33642243123331,-6.86230976638191,-4.71467875023711,-6.18276062465498,-5.79146644141829
L1MEg2,-0.504121231937335,-1.69114828460643,-1.99418917576495,0.119555339894199,-2.16227912156214
HUERS-P3b-int,-0.530706374217922,-1.21469892165718,-0.790057075511239,1.12035147357348,0.510300604186682
MER66B,2.00082667774662,0.777080470350708,3.29631783870026,2.6799756582919,1.65043760046028
LTR59,1.77435184284705,1.88120445675335,-0.497361138430282,0.683244538475104,1.00935878511084
MER34B-int,-0.994005868364998,0.878592950380818,0.93655049134854,0.921454470636858,-0.608846073678531
LTR33C,5.04120344597891,4.17350561278715,4.84710780815736,5.75529283752772,3.25895727331481
UCON51,0.35164018751503,-1.26241325608638,0.592504091793716,1.2286326601912,-0.179306866281467
MER83B-int,-0.917237689800734,-2.12234221485153,-0.290123206421225,-0.992185992038443,-2.56000292141532
LTR103_Mam,3.09181862083092,2.29356128170721,1.12940943559831,2.54263961930589,3.5816452161888
LTR86A2,-2.89028543691303,-2.11467828629105,-3.92094728545954,-2.97141828652636,-4.44473561442138
LTR39,0.451875409929535,1.05735314105997,-0.15963215201115,-1.1453739449726,-0.880957563354499
MER67A,0.338296895243915,0.907987057508084,0.448245131273442,-0.719250584828165,-1.27651574762335
MER68C,-2.4427025852436,-0.444948525697249,-1.2031169273836,-0.130787132012886,-1.1171518418861
L1MEg1,-2.45497836958418,-1.04088871710956,-2.39979748786684,-0.392075955316244,-1.40031581852003
MLTR13,2.65197364943556,1.02860404352737,0.533933733368462,2.14126625104748,2.12908305881931
LTR16D1,-1.98245734731598,0.0212016304357844,0.20134658852883,-0.238512362655495,-0.717471095737703
MER34-int,-1.67480674000892,-2.17300044889761,-1.2973029163084,-2.44772682872263,-0.299400207714378
LTR108d_Mam,0.484633801849854,-1.50389594271418,-0.879514132753921,-1.20423136634116,-0.0655923403598253
CR1-3_Croc,0.396008159074951,0.229797172474409,-0.177661575421211,-1.55988890385241,-0.914248695845784
MER92A,-0.234643984149233,-0.58095931192021,-0.0178743814614993,-0.858610033644875,-2.0546450990659
LTR34,-1.28250165672142,0.154541213031346,-1.03115865990773,0.218614434669238,-0.436668567411107
LTR77,0.362189256008267,0.713452140792293,0.277985001214707,1.22828435157867,-0.411385588163775
LTR86B1,0.663214805242198,1.32031551264708,-0.158470653738289,0.175519344366051,0.0374021755644458
LTR89,-3.3558538595342,-3.35847831112863,-4.60584309702493,-3.28483781875386,-4.06082998579084
MER51-int,-0.263344252444819,-0.0551505392024522,-0.443932708528655,0.482234741823144,-0.816397763035515
MLT1M,0.813133898252858,1.1774599835885,1.79311718020244,1.55951379778635,1.85106248878271
MER67B,3.57133948684456,4.29825164688435,4.31804342549468,4.2706760598413,4.52109256998588
MLT1G1-int,0.335581856495181,0.221313590999441,1.1367822924339,0.620096654545035,0.760432709871468
