,id,M,A,stage,zscore,p.value,fdr
1,B1_Mus2,1.4121488916209,17.354837198059,8cell,285.420141764176,0,0
2,B1_Mm,1.82525426461914,16.472202295681,8cell,270.966580073264,0,0
3,RLTR45-int,3.53983593684737,13.7092048879317,8cell,201.156898765784,0,0
4,B1_Mus1,0.719773866771497,17.6975286442915,8cell,164.08319498353,0,0
5,PB1D9,1.37480465794966,15.8294734542472,8cell,163.154783314206,0,0
6,MT2_Mm,2.82328860922826,13.7018618513738,8cell,160.029782360671,0,0
7,L1Md_Gf,2.43345230275197,14.0962114672491,8cell,158.156432714539,0,0
8,B1_Mur4,1.04436830652934,16.4443552933505,8cell,153.542424831791,0,0
9,RLTR13C2,3.62548377030908,12.8371401468164,8cell,152.253632467296,0,0
10,B1_Mur3,1.24822614047433,15.7614722524195,8cell,144.669333442031,0,0
11,MERVL-int,1.33211741053442,15.4774150863397,8cell,139.868938841584,0,0
12,B1_Mur2,1.08996309974532,15.999757377001,8cell,137.249536164364,0,0
13,MT2B,1.51144414110112,14.9527070049038,8cell,132.246764087578,0,0
14,RLTR13B2,4.39956420436583,11.7432685073622,8cell,126.447095951273,0,0
15,MMETn-int,2.28983896212588,13.5751733964148,8cell,124.212451779921,0,0
16,B1_Mur1,0.912395822601713,16.2044914500925,8cell,123.381104263811,0,0
17,PB1D7,1.12200694945399,15.5520657755873,8cell,120.905723810799,0,0
18,RLTR4_MM-int,2.16184885294898,13.5115950130918,8cell,114.711805135016,0,0
19,B2_Mm1t,1.05161186209687,15.4467015142605,8cell,109.24383221382,0,0
20,L1Md_T,0.343463302697702,18.6266664015708,8cell,108.779173496117,0,0
21,ORR1A1-int,2.17308662482255,13.3397801029806,8cell,108.637410456408,0,0
22,ORR1A2-int,1.68536604348504,14.0287259820602,8cell,107.001201438869,0,0
23,B2_Mm1a,1.14003203783171,15.1189152290567,8cell,105.678126798874,0,0
24,RLTR13B1,2.7843688213807,12.5109505227033,8cell,104.426275409549,0,0
25,MMERVK9C_I-int,1.93999462460998,13.5070840754724,8cell,102.778861424332,0,0
26,RLTRETN_Mm,2.28048988591846,12.9091193949602,8cell,98.1904900019384,0,0
27,ERVB7_1-LTR_MM,2.93163529784284,12.1299158735166,8cell,96.3432277959892,0,0
28,MT2C_Mm,2.13369559580588,13.0262106216745,8cell,95.6769873420615,0,0
29,MT2B2,1.76409949102743,13.5550920781231,8cell,95.0294451841324,0,0
30,B1F1,0.961370373864781,15.1530966320063,8cell,90.1812889932808,0,0
31,B1F2,1.00220670708307,14.9337103071847,8cell,87.1133526676203,0,0
32,RLTR1B-int,1.98649903893482,12.9465271096143,8cell,86.6489078712162,0,0
33,B1F,0.598342376927144,16.2667003842217,8cell,82.6853801265025,0,0
34,RLTR45,1.85101770814684,13.0009703181483,8cell,82.2781251759691,0,0
35,ORR1A0-int,2.07315778479866,12.619447176742,8cell,80.7332811827156,0,0
36,RMER6A,1.25775583450325,14.0559051209026,8cell,80.6095321594637,0,0
37,RLTR9E,1.97652274462175,12.6299256407926,8cell,77.2502543386439,0,0
38,RLTR1B,2.22145807677169,12.28349693859,8cell,76.9968904403016,0,0
39,PB1D11,0.853130888527477,14.8191897435204,8cell,71.2639840650709,0,0
40,PB1D10,0.432676875160838,16.7373077299794,8cell,70.4588630846402,0,0
41,RLTR4_Mm,2.71278183712687,11.3524297021963,8cell,68.0886541800907,0,0
42,ORR1A0,1.56134135428138,12.9273847896864,8cell,67.6534311666892,0,0
43,LTRIS2,1.54520229270259,12.9463973193948,8cell,67.3969947631925,0,0
44,RMER16_Mm,2.89497847407971,11.1098040690438,8cell,66.800597328343,0,0
45,ID4,0.705298515042368,15.0345539941881,8cell,63.491117930887,0,0
46,RLTR13D4,3.41745988046659,10.484351323764,8cell,63.4872828608955,0,0
47,RMER16A2,3.45467421980179,10.4266928545854,8cell,62.9087575195558,0,0
48,PB1,0.807390042350692,14.3361832141401,8cell,57.0314487830336,0,0
49,IAPEz-int,0.377204012892924,16.506604674982,8cell,56.6734805315209,0,0
50,ERVB4_2-LTR_MM,3.45853931575115,10.0869556605179,8cell,55.9830875313991,0,0
51,RLTR13G,2.07340523656589,11.5142641604572,8cell,55.0436526960069,0,0
52,MMERGLN_LTR,2.32284907108707,11.1441273485643,8cell,54.240410348585,0,0
53,ID4_,0.588540878791444,15.0740143740216,8cell,53.7118389588527,0,0
54,RLTR6_Mm,2.42473206210157,10.9754857980644,8cell,53.4046284687327,0,0
55,RLTR13C3,2.30674269839821,11.0510232489473,8cell,52.1537381122218,0,0
56,RMER16,2.31250833256237,10.9674882573935,8cell,50.7919085648975,0,0
57,ETnERV2-int,1.21993986733482,12.7642529587416,8cell,49.9532894223626,0,0
58,MLTR25A,1.11775070346896,12.9596186660254,8cell,48.9768942877147,0,0
59,RLTR13C1,2.15723871222694,11.0036286350447,8cell,47.9788531505071,0,0
60,RLTR9D,1.69389954862821,11.6583042881354,8cell,47.2710793164451,0,0
61,IAPLTR1_Mm,1.14277751199953,12.7898943407825,8cell,47.2115913758797,0,0
62,IAPEY_LTR,1.4997843975778,11.994694088074,8cell,47.0306686067539,0,0
63,ETnERV3-int,1.55759992368865,11.8769964065497,8cell,46.8908571372424,0,0
64,ORR1A2,0.465931439478827,15.2172956040724,8cell,44.6925962551478,0,0
65,B2_Mm2,0.227619362048472,17.2402667715118,8cell,44.1951369045084,0,0
66,ORR1A3-int,1.03343703893276,12.8484025330026,8cell,43.5694161027901,0,0
67,ORR1A1,0.775337660610909,13.6349984888608,8cell,42.9401355722055,0,0
68,MMVL30-int,1.05646719609702,12.7225697505047,8cell,42.6387790415374,0,0
69,MIR3,0.493578274636602,14.6532298487348,8cell,38.920979832802,0,0
70,IAPLTR2_Mm,0.978262243275409,12.665441911442,8cell,38.7080682174214,0,0
71,RLTR25A,1.09575532506785,12.3244615543491,8cell,38.5226894797092,0,0
72,ERVB4_1C-LTR_Mm,1.48144895474681,11.2982781323044,8cell,36.4917342272079,1.49975525774083e-291,9.94986883680299e-291
73,RLTR10-int,0.551885739546192,14.0985233616105,8cell,35.8972840641427,3.36782492727507e-282,2.20146791202025e-281
74,RLTR17,0.831477057163684,12.8954963905426,8cell,35.6319831884229,4.48044248231925e-278,2.90738201954877e-277
75,RMER10A,0.61156936392019,13.7590331136375,8cell,35.3593674328302,7.19747255077955e-274,4.63663267945146e-273
76,RLTR13B3,1.63291019952482,10.8996959542822,8cell,35.0322788638583,7.25894430532272e-269,4.64259099815244e-268
77,ERVB4_2-I_MM,1.05675117423608,11.9006331445184,8cell,32.0747743596968,9.91278176495455e-226,6.1197659646143e-225
78,ETnERV-int,0.752724355318105,12.7688662682895,8cell,30.8714012809494,2.89188285265245e-209,1.73708368649191e-208
79,RMER6B,1.03038264383382,11.8495633804793,8cell,30.7256191550143,2.5891597462293e-207,1.54480739221332e-206
80,ERVB7_2B-LTR_MM,1.3327453707894,11.1046897939167,8cell,30.698156603916,6.02340373689833e-207,3.56987061473508e-206
81,IAPLTR2a2_Mm,0.823519742841712,12.4915635651874,8cell,30.6787629368155,1.09292741946241e-206,6.43451970796081e-206
82,RMER10B,0.672925980025078,13.053658351482,8cell,30.4632355594063,8.00136370825498e-204,4.67974495831492e-203
83,MERV1_LTR,1.37611972138116,10.9688219661889,8cell,30.2390550606511,7.2671334622832e-201,4.19511795322712e-200
84,RLTR1D2_MM,1.59630606591717,10.4142061722393,8cell,28.9428011956927,3.4572846530598e-184,1.9330352557045e-183
85,RMER12B,0.842591267116362,12.2099450267095,8cell,28.469355205051,2.80724628912112e-178,1.54051972285721e-177
86,MIRc,0.315535855037079,15.0381169044776,8cell,28.4397805581656,6.51934978099819e-178,3.55564537135423e-177
87,RLTR23,0.832634257905626,12.1745706461791,8cell,27.7900197098747,5.7265260473661e-170,2.97712377550203e-169
88,ID,0.514275307228159,13.5303430395224,8cell,27.4664552389192,4.41923125300865e-166,2.28412592088645e-165
89,LTRIS3,1.89789920839857,9.73906090152842,8cell,27.2314267729616,2.75815243536839e-163,1.41733960407081e-162
90,ORR1A4-int,0.627540048493936,12.8578561785034,8cell,26.543782346114,3.02980302558872e-155,1.53913993699907e-154
91,RMER16B2,1.51815063480612,10.0954114877376,8cell,24.6463050767539,4.03161731926318e-134,1.92693967571235e-133
92,LTRIS_Mus,0.72473784767715,12.1888668672438,8cell,24.3090511925901,1.57263395007865e-130,7.39720413555515e-130
93,RLTR25B,0.569595246458208,12.8802927238948,8cell,24.2809962056389,3.11272747809494e-130,1.45642880422442e-129
94,RLTR41,0.800268346362828,11.7856841022541,8cell,23.3410590917195,1.69869255709398e-120,7.6269579962452e-120
95,RLTR48B,2.06448123593722,8.93341608635297,8cell,22.4048001420573,3.53375743310192e-111,1.54754204828946e-110
96,MMERGLN-int,0.442498052908749,13.2854041872185,8cell,21.7081882054348,1.71693429944959e-104,7.48213035397396e-104
97,IAPEY4_LTR,2.07993466014941,8.78576152854959,8cell,21.4464239525013,4.9313736520358e-102,2.11787013365209e-101
98,ERVB7_2-LTR_MM,1.12456708344628,10.4898821459881,8cell,20.9315426688869,2.76404898242871e-97,1.15363358937987e-96
99,LTRIS4,1.65223213384878,9.33586209190977,8cell,20.6147332746285,2.02434852223699e-94,8.25525612967285e-94
100,RLTR47_MM,3.10076303769101,7.50977364698304,8cell,20.5453985411183,8.46139978703587e-94,3.43478740213465e-93
101,IAPEY2_LTR,0.689200420441113,11.803838536883,8cell,20.2284980816318,5.49513578635192e-91,2.21048674844654e-90
102,RMER17B,0.309683294709468,13.884148860789,8cell,18.6993803564411,5.00833214898206e-78,1.94428265521618e-77
103,RLTR50A,2.1075611746236,8.33322296940741,8cell,18.5767510008129,4.95617380770764e-77,1.90737598054203e-76
104,RLTR5_Mm,0.978808555471845,10.4801784689676,8cell,18.1573695632513,1.12276984058491e-73,4.28387291107291e-73
105,RLTR13D3,0.908442752128231,10.6732990668792,8cell,18.0186960264599,1.38980792535743e-72,5.23533578662184e-72
106,L1M4b,0.582374721414538,11.9189305940992,8cell,17.7888617497138,8.62134428585893e-71,3.22032565971789e-70
107,LTRIS4B,1.99468580374586,8.32495084875062,8cell,17.531495372154,8.23743112026832e-69,3.05128177746606e-68
108,RLTR19B,1.27999228440403,9.5846126413991,8cell,17.4083063806251,7.13640375176784e-68,2.63247424702141e-67
109,RMER6BA,0.761813322841552,11.0682227369165,8cell,17.3270254672982,2.94153961252505e-67,1.08059037832015e-66
110,RLTR16C_MM,0.939074926847614,10.2473340559684,8cell,16.0696215373231,4.1662216811891e-58,1.49345607845851e-57
111,MuLV-int,0.678016387644365,11.1841716985642,8cell,16.0535245654751,5.4007985556483e-58,1.92823691404471e-57
112,RLTR13E,0.681368182457569,11.1089971842734,8cell,15.7179314345661,1.139847791566e-55,4.00523591581887e-55
113,RLTR1F_Mm,1.60765822070271,8.62890568296079,8cell,15.699617823765,1.52155932350591e-55,5.32545763227068e-55
114,RLTR16B_MM,0.682085149035057,11.0726663279125,8cell,15.5375654326527,1.93184021709164e-54,6.70861700388464e-54
115,RLTR1D,0.854598272316216,10.413474376411,8cell,15.4908857684187,3.9974481909191e-54,1.38277488004945e-53
116,MT2B1,0.268192172957526,13.6594244507497,8cell,14.9795362533888,9.99117482446197e-51,3.3644524314192e-50
117,RLTR9D2,1.12304503753342,9.51030010475353,8cell,14.8854035422411,4.10005163453579e-50,1.37028041470012e-49
118,RLTR28B,0.913097238034074,10.0401120960967,8cell,14.5421954739434,6.5459072807284e-48,2.15530058243242e-47
119,RLTR10E,1.01961216789686,9.66910159680948,8cell,14.2791294098257,2.95266984642819e-46,9.65045402012745e-46
120,RLTR46A2,2.11566840496369,7.56226261787253,8cell,14.2755901474684,3.10646876112102e-46,1.01159367349326e-45
121,RLTR19,0.550311917831296,11.4387162146283,8cell,14.231760721984,5.81977992245589e-46,1.8745595474867e-45
122,ORR1B1-int,0.304994095312056,13.1326953712179,8cell,14.1906932981626,1.04619282317576e-45,3.35763689459656e-45
123,RMER16A3,0.960084181222848,9.78199005821828,8cell,13.9819722362728,2.00844088718512e-44,6.37679981681275e-44
124,ERVB2_1A-I_MM,0.925297724574842,9.81599526555467,8cell,13.6351281634487,2.47555557769144e-42,7.74918629777354e-42
125,RMER6D,0.42082876619878,12.0585153138564,8cell,13.4916965311942,1.75026140386935e-41,5.40271662513839e-41
126,RLTR53B_Mm,1.29115549145549,8.77025701691069,8cell,13.2418910127888,5.02670328482883e-40,1.52516696935592e-39
127,RLTR44C,0.931756951974582,9.69325965404055,8cell,13.1584797978601,1.52115695194645e-39,4.59968887850475e-39
128,RLTR27,0.481984293341066,11.5870178581075,8cell,13.1222629242715,2.45493303485184e-39,7.39808633214674e-39
129,MLTR31C_MM,0.984017308598293,9.48835057975558,8cell,12.943814467821,2.5466418516408e-38,7.64852907469147e-38
130,RLTR34C_MM,0.730351818682635,10.3124682131932,8cell,12.7832719725799,2.03331994503954e-37,6.04555662588679e-37
131,RLTR6-int,0.208111885622185,13.8890567986158,8cell,12.587683467661,2.46810606501513e-36,7.26538507218029e-36
132,RLTR6C_Mm,1.47745664901716,8.18541180324038,8cell,12.37245971671,3.68365307482788e-35,1.07369428967934e-34
133,RMER4A,0.332699964074773,12.456696001589,8cell,12.2452153059593,1.78203539389842e-34,5.14360215966135e-34
134,RLTR41C,1.15674345323464,8.83574289075394,8cell,12.1357165214891,6.83094323803149e-34,1.95263940148231e-33
135,RLTR44E,1.07848948392316,8.93360618343699,8cell,11.7050874440864,1.20035429018093e-31,3.40931298393243e-31
136,MER92B,1.09478300222514,8.84719254765264,8cell,11.5313410923946,9.17039365509911e-31,2.57176023955303e-30
137,IAPLTR2b,0.398661646316571,11.6425763538942,8cell,11.0648238850101,1.85827550916546e-28,5.08309823891721e-28
138,MER50,4.07057415385364,4.86565951551253,8cell,10.7874931078757,3.94401372255308e-27,1.06249339374233e-26
139,IAPLTR2a,0.432562053717015,11.3334621860971,8cell,10.7858131180074,4.01675178456465e-27,1.07881943700241e-26
140,RLTR33,0.298937573675231,12.3357042325262,8cell,10.5505793869748,5.04848097099102e-26,1.35183722385874e-25
141,RLTR46,1.78243048167187,7.13353963283561,8cell,10.366427204339,3.52457076490625e-25,9.35326391045272e-25
142,RMER16B,1.20561881478316,8.24771673577858,8cell,10.3164276843781,5.939194350701e-25,1.57141183862297e-24
143,ERVB3_1-LTR_MM,0.974528430543873,8.79640369510807,8cell,10.0855958959295,6.39758139286646e-24,1.67277937007596e-23
144,RMER13A,0.299476481026007,12.1990838808779,8cell,10.080639867333,6.7286499684441e-24,1.75418469851812e-23
145,MIR,0.0881420057309013,15.6897865656242,8cell,9.96404746800784,2.18962657377608e-23,5.67515458917473e-23
146,LTR41,0.651852333403828,9.9005391841558,8cell,9.89128918534485,4.54141341545612e-23,1.17023667430159e-22
147,RLTR42,0.941999871045319,8.80927878458643,8cell,9.79255110607439,1.21198651873936e-22,3.1140347258939e-22
148,RLTR48C,0.88990916866726,8.96548991481821,8cell,9.76570436451823,1.58010162913816e-22,4.03652398937881e-22
149,LTRIS5,1.21972539140825,7.98156093025163,8cell,9.5174406396431,1.77496550873849e-21,4.48279641269465e-21
150,MLTR18C_MM,0.490280678789978,10.5251588287109,8cell,9.23784886898668,2.51502415516496e-20,6.2454091450884e-20
151,IAPEY5_I-int,0.705315674277591,9.4591987080026,8cell,9.18449045913812,4.13480201946848e-20,1.02391058365111e-19
152,RLTR41A2,0.489964356437012,10.427668460074,8cell,8.92514649620773,4.45109710576866e-19,1.0931009190686e-18
153,RLTR24B_MM,0.553449307286404,10.0288841730726,8cell,8.78012509968314,1.63292929243541e-18,3.96632278954941e-18
154,RLTR19C,0.724888541041893,9.18657914087186,8cell,8.58830804690353,8.825937273027e-18,2.13794502335722e-17
155,RLTR20A2,0.629476894118889,9.56526768587477,8cell,8.50387961676302,1.83357676465572e-17,4.42948299939928e-17
156,IAPA_MM-int,2.62406202470189,5.4351823597917,8cell,8.47151137405217,2.42229327143183e-17,5.82005059000782e-17
157,RLTR31C_MM,0.455973414401128,10.4610816730883,8cell,8.40272328691187,4.36241804565346e-17,1.0369491022957e-16
158,RLTR46B,1.10209575471516,7.88727772199463,8cell,8.32312016089034,8.56775122144959e-17,2.02572628613529e-16
159,ORR1G-int,1.10684368184235,7.77098691335754,8cell,8.02877596184664,9.84499515025257e-16,2.30321070751961e-15
160,ID2,0.183352126116169,12.9005559143386,8cell,7.87113953012443,3.51425423201671e-15,8.11473249938405e-15
161,IAPLTR4_I,0.619097061625758,9.378245585223,8cell,7.83871796703298,4.55169581483336e-15,1.04830507238001e-14
162,RLTR13D2,0.485113578390217,10.0783723828079,8cell,7.82916690314311,4.91113320676154e-15,1.12525706721933e-14
163,L2a,0.0839830895249311,15.1344008397574,8cell,7.8270208981108,4.99566075871079e-15,1.14168185462568e-14
164,LTRIS_Mm,0.329525274705054,11.1919999002451,8cell,7.82343337924635,5.14017647961872e-15,1.17169663855924e-14
165,RLTR13D,1.19913360861912,7.43561573170047,8cell,7.74375406092176,9.65236302039267e-15,2.18344802166134e-14
166,MLTR18_MM,0.449230622238668,10.2616785588281,8cell,7.72563171751765,1.11299985133135e-14,2.50495409578118e-14
167,RLTR24,0.290816875783424,11.49552837853,8cell,7.67047178135683,1.7136486635786e-14,3.82772276864668e-14
168,RNERVK23-int,1.85832013260233,6.12188451598093,8cell,7.61143781473978,2.7106331447614e-14,6.02438216423221e-14
169,RLTR44B,0.595977109516002,9.38692374956878,8cell,7.56871461313415,3.76935199645466e-14,8.35649357817505e-14
170,IAPLTR1a_Mm,0.197258918940152,12.5643853955859,8cell,7.53643108863782,4.83008025035712e-14,1.06814461257897e-13
171,L5,1.05638134643084,7.71561820603553,8cell,7.51709135981969,5.60082811120698e-14,1.23551766522655e-13
172,RLTR53_Mm,0.398793153812602,10.5146287829961,8cell,7.48666977573405,7.06431460577206e-14,1.54684130160871e-13
173,LTR28,3.28753773745928,4.42274502547219,8cell,7.47257388975283,7.86411835674335e-14,1.71773985728374e-13
174,MIR1_Amn,0.16223435744706,13.0950445949963,8cell,7.45048480655786,9.29978507152208e-14,2.0263502275939e-13
175,MIRb,0.0595806893525861,15.9237256990394,8cell,7.30650997424526,2.74170159311035e-13,5.91595319484247e-13
176,RLTR10F,0.408857686131197,10.3517760774162,8cell,7.25435878075187,4.03569081307098e-13,8.6036669851801e-13
177,RLTR31_Mm,0.741191452522565,8.62905756061544,8cell,7.23850065003611,4.5367203604824e-13,9.64867081451879e-13
178,MER68-int,1.01724978268269,7.70325199273803,8cell,7.20767810710505,5.69139726823642e-13,1.20755421753274e-12
179,MLTR32C_MM,0.925123238897979,7.97180685080702,8cell,7.19431653075718,6.27744138915948e-13,1.32872509403876e-12
180,RLTR34D_MM,0.41724771734506,10.2659600810256,8cell,7.18626298224831,6.65887288923786e-13,1.40278151623992e-12
181,MLT1L-int,2.45085852837679,5.14960400919364,8cell,7.1667309989327,7.68097455764823e-13,1.61427574036626e-12
182,RLTR31B_Mm,0.495671167999071,9.75356340749241,8cell,7.14782455177063,8.81638922438656e-13,1.83985211748349e-12
183,MER4B-int,1.41236553556848,6.7128702121581,8cell,7.09979849920903,1.24938915967316e-12,2.60118726686052e-12
184,RLTR30B_MM,0.515551341118851,9.61503016011828,8cell,7.08597521693785,1.38068519932215e-12,2.86782509859204e-12
185,RLTR13A,0.551325192991745,9.39193714808672,8cell,7.01382644628433,2.31887015489433e-12,4.79412922721176e-12
186,LTR10_RN,0.405108463127203,10.2079131699897,8cell,6.83821565914462,8.01856259645487e-12,1.65011623802046e-11
187,RLTR22_Mur,0.227601522255832,11.8432116850147,8cell,6.77206319282545,1.26958658550511e-11,2.58867540026157e-11
188,MER21-int,0.888022178329644,7.9003994053418,8cell,6.7369867022592,1.61704972992587e-11,3.28209408653904e-11
189,RLTR18-int,0.447419914884626,9.86887618610084,8cell,6.71510670330457,1.87928649000127e-11,3.79701293093438e-11
190,RLTR41B,0.864314844765012,7.96868691009607,8cell,6.71416975507604,1.89140017442636e-11,3.81282257384362e-11
191,RLTR3_Mm,1.14501640503117,7.13368596563264,8cell,6.65963207429275,2.74513920132724e-11,5.49646114860343e-11
192,RLTR1A2_MM,0.361238428753515,10.4174731285819,8cell,6.55707444678486,5.48736231832946e-11,1.09378141277912e-10
193,MMERVK9E_I-int,0.159378045709557,12.7681674858272,8cell,6.5349706854936,6.36220015299242e-11,1.26249909285943e-10
194,MLTR12,0.449506674048192,9.72660516911692,8cell,6.42182566268517,1.34649581589502e-10,2.64246088373218e-10
195,RLTR48A,0.296501097323477,10.8956895670627,8cell,6.3522750069899,2.12153599368465e-10,4.14515494150693e-10
196,L1MDb,0.437000737959582,9.7628301761914,8cell,6.32204041278594,2.58131844972827e-10,5.02128736877943e-10
197,RMER20B,0.190138180235044,12.1634819454621,8cell,6.32170702662819,2.58689495489424e-10,5.02128736877943e-10
198,ERVB2_1-I_MM,0.826168118653076,7.89047489937483,8cell,6.24620880105092,4.20534923222279e-10,8.0226512176954e-10
199,RLTR19A,0.637366691960884,8.60098536418656,8cell,6.16427745668431,7.08056981300691e-10,1.33360732283117e-09
200,RLTR12D,0.309063043405065,10.6668888726191,8cell,6.11656974669941,9.56110508164811e-10,1.79700262528228e-09
201,RMER16B3,0.872148610202435,7.63056998877688,8cell,6.02585094593602,1.68222164262345e-09,3.15505282762077e-09
202,BGLII_C,1.04640789749995,7.08707273388025,8cell,5.98857480075389,2.11687778053646e-09,3.94529213185936e-09
203,MMTV-int,0.753181457897134,8.03474586257124,8cell,5.98636239885225,2.14585964391651e-09,3.99093979799536e-09
204,LTR9A1,2.34453832207371,4.75686379797622,8cell,5.9833826439214,2.18550520051469e-09,4.05618814876317e-09
205,MLT1N2-int,3.42582420580343,3.64270110943112,8cell,5.94232091459234,2.81014588650513e-09,5.20462436063138e-09
206,MLTR31D_MM,0.425940311640216,9.6337522629095,8cell,5.89243178439354,3.80553212339418e-09,6.98991334235005e-09
207,RLTR30E_MM,0.394094579494739,9.80405791122561,8cell,5.78337468106079,7.3216736539491e-09,1.33380489310671e-08
208,X9_LINE,0.461301478961812,9.34401926718767,8cell,5.77190713219359,7.83793126681788e-09,1.4220246726941e-08
209,LTR33C,0.524433491336814,8.96561691262144,8cell,5.75529283752772,8.64917299723771e-09,1.55965817333556e-08
210,ORR1D1-int,0.178770153370931,12.054668890096,8cell,5.72370237497692,1.04227277144725e-08,1.86810583430767e-08
211,RMER16C,0.568123274417998,8.65667625307808,8cell,5.60167539994314,2.12289821862753e-08,3.77451303271975e-08
212,MER21B,0.186734655112584,11.8304308537208,8cell,5.53154653211676,3.17419631535556e-08,5.62123610428504e-08
213,MRLTR33,0.323795590460833,10.2419123159708,8cell,5.53044671080089,3.19416323319435e-08,5.64535012785245e-08
214,RMER21A,0.233435049268797,11.1785962454593,8cell,5.51641519467536,3.45984325371225e-08,6.09069436148553e-08
215,RLTR44D,0.648350820927808,8.20249591980168,8cell,5.46163703209209,4.71763884097919e-08,8.25586797171358e-08
216,AmnSINE2,0.457494940754846,9.1740312276214,8cell,5.39677049779749,6.78510874837974e-08,1.18506123326318e-07
217,RLTR46A,0.740752477915961,7.77784877266714,8cell,5.38603275608419,7.20298413589494e-08,1.2531218976146e-07
218,ORR1B1,0.0582918755916192,15.0253279757051,8cell,5.23065601567372,1.689095540155e-07,2.91573967999572e-07
219,RLTR28,0.141406584787467,12.46638392599,8cell,5.22206233813622,1.76941379360925e-07,3.0484667878268e-07
220,LTR65,0.615760104860136,8.21852652441783,8cell,5.21599555725607,1.82832557471806e-07,3.14387124937012e-07
221,L2b,0.0713654171445027,14.4200969545565,8cell,5.19000438170881,2.1028913204709e-07,3.60206239672183e-07
222,LTR41B,0.454027812270565,8.97656394575335,8cell,5.00157993701086,5.68623806317297e-07,9.53785969464296e-07
223,RLTR12C,0.35907392468899,9.64920135915782,8cell,4.99407588118717,5.91181523003945e-07,9.89755883145964e-07
224,LTR75B,0.878049416114339,7.0283188575566,8cell,4.92377282652674,8.48913816344386e-07,1.41857966678601e-06
225,RLTR20A,0.391399528631239,9.33955962158361,8cell,4.88971461432309,1.00982272427859e-06,1.67800448950218e-06
226,RLTR19A2,0.767583074603519,7.39438465160448,8cell,4.88656181399646,1.02612120893232e-06,1.70190625884484e-06
227,RLTR9F,0.282788958593125,10.2443515786157,8cell,4.83413647258546,1.33724828021675e-06,2.20559131931853e-06
228,MER74C,0.664809341723099,7.66025926231635,8cell,4.64080956967667,3.4704683787253e-06,5.67140880273307e-06
229,RMER17C-int,0.148142352757789,11.9900166050556,8cell,4.63796353343532,3.51858845991809e-06,5.73949567131594e-06
230,RLTR30D_RN,0.810776447497083,7.03072778903137,8cell,4.55032856256115,5.3562212252927e-06,8.64188869198768e-06
231,X5B_LINE,1.05404354741459,6.25488750216347,8cell,4.52088823626472,6.15806956406004e-06,9.89968145108386e-06
232,BGLII,0.13827983292826,12.1118644344838,8cell,4.51598246811775,6.30238787389349e-06,1.01133985918616e-05
233,RLTR11B,0.181064213915055,11.3198781234368,8cell,4.49357637787672,7.00368854856098e-06,1.12185209363436e-05
234,MER31-int,0.622470242805949,7.69667846859419,8cell,4.40044851163873,1.08027359012732e-05,1.71187740039784e-05
235,MLTR31F_MM,0.283639869525256,9.95683843371905,8cell,4.38879609827757,1.13979871112117e-05,1.8029911996205e-05
236,MURVY-LTR,0.158266446059758,11.6366125954422,8cell,4.38360150105837,1.16733221958635e-05,1.84326526325446e-05
237,IAPEY5_LTR,0.383396251234353,9.06813761625661,8cell,4.3596971898805,1.30242544540582e-05,2.04930304595712e-05
238,L1P5,0.731974894999817,7.16293379028771,8cell,4.30067864834847,1.70275834925605e-05,2.66037288662325e-05
239,MER67B,0.420974015189102,8.73883170786912,8cell,4.2706760598413,1.94881304291862e-05,3.0394645529029e-05
240,LTR109A2,1.16434873081722,5.76324961956828,8cell,4.21161908405881,2.53546832275523e-05,3.90646679190538e-05
241,RLTR13A3,0.289944073803498,9.77259631360021,8cell,4.20881050386708,2.56718568988365e-05,3.94849148495945e-05
242,LTR90A,0.727492232487878,7.09158506052107,8cell,4.16994195498004,3.04677228991207e-05,4.67803206516723e-05
243,RLTR1E_MM,0.646090817648542,7.41984794498391,8cell,4.14958082702275,3.33084661004645e-05,5.10538385574361e-05
244,MLTR31E_MM,0.419154595331102,8.65029693561024,8cell,4.1237220013271,3.72798803874192e-05,5.684702172284e-05
245,FAM,0.765802019768333,6.83266795859259,8cell,4.01279443972425,6.00041628794682e-05,9.07205795915769e-05
246,RLTR12B2,0.587643530557796,7.55293379836032,8cell,3.95235807845287,7.7384825738877e-05,0.000116404585586906
247,RLTR18,0.198010036882604,10.6813657523675,8cell,3.93846775183788,8.20036129365553e-05,0.000122747579457839
248,ERVB4_1-I_MM,0.168787604908172,11.1089161503724,8cell,3.89351535885597,9.88019438523479e-05,0.000147127182721503
249,IAPEY3_LTR,0.205297038118434,10.5405765612412,8cell,3.88892525079528,0.000100689121069971,0.000149436775678138
250,RLTR13D3A1,0.194534990887675,10.6827255030443,8cell,3.87117232406499,0.000108313185178207,0.000159685607999048
251,RLTR13D3A,0.343473871855971,9.04010168448753,8cell,3.86796188600723,0.000109748813389857,0.000161534263416528
252,ORR1B2-int,0.156133725662113,11.3075659314541,8cell,3.85835986676699,0.000114150487075369,0.000167458387805286
253,ORR1A4,0.059264979667473,14.0789217642767,8cell,3.82874697424177,0.000128797339639745,0.000188323741677193
254,RLTR26_Mus,0.119053365111728,12.045561945507,8cell,3.79972854924268,0.000144854668051197,0.00021110786868445
255,CR1-L3A_Croc,0.903835883820484,6.10852445677817,8cell,3.68489275118554,0.000228798962747428,0.000330198503055947
256,MER92D,0.770202664093994,6.53882512426482,8cell,3.64508242388835,0.000267306116718189,0.000383282480262049
257,RLTR31A_Mm,0.328116775204176,8.97576188907189,8cell,3.61353666692661,0.000302048617691687,0.000430322469756266
258,LTR16D2,0.699366388450379,6.72069401467334,8cell,3.52517982676724,0.000423195404809863,0.000600033038079694
259,LTRIS4A,0.283995324473503,9.27255011112105,8cell,3.46647463381963,0.000527331490040327,0.000744123324834684
260,MamGyp-int,0.684986896350053,6.64270110943112,8cell,3.36062147434158,0.000777673248372009,0.0010904598072598
261,RLTR31_Mur,0.225067982410347,9.85018514419863,8cell,3.35612294601337,0.000790434213950261,0.00110660789953036
262,RMER21B,0.130050855172731,11.403379427242,8cell,3.32233332513415,0.000892679852804888,0.00124778677538293
263,MER65-int,0.82506789421047,5.97655257529567,8cell,3.21337286822523,0.00131185860291974,0.00181941076130367
264,MLT1A-int,0.496374351327585,7.4136217255118,8cell,3.18114043230284,0.00146696500235746,0.00203135807958845
265,RLTR17C_Mm,0.301674966492515,8.74817724428231,8cell,3.07034585737429,0.00213811019877111,0.00292878269138292
266,BGLII_Mus,0.181748844214229,10.163537265897,8cell,3.02108787445222,0.00251868252256784,0.00342895675737031
267,RMER16-int,0.0732212035474002,12.7377830768241,8cell,2.97082121644132,0.00297004626565249,0.00402259990831862
268,RLTR9C,0.211927153853606,9.63496054858297,8cell,2.93301510730674,0.0033568755730792,0.0045353531678836
269,RLTR9A,0.14248877775567,10.773421095465,8cell,2.92602535177778,0.00343322958331508,0.00463147359570122
270,RMER13A1,0.0929477843340146,11.9851537231859,8cell,2.90505922906561,0.00367183609534468,0.00493836957452559
271,RMER17A-int,0.210571426357712,9.60754369861153,8cell,2.88669075540358,0.00389316671066118,0.00522024917915202
272,LTR68,0.547970955446134,6.67450235901387,8cell,2.71820040509523,0.0065638068640844,0.00869631043542627
273,MER66B,1.51667889331512,3.69615871138938,8cell,2.6799756582919,0.00736275140425572,0.00969701629390123
274,RLTR35B_MM,0.167827558768964,9.96981112743525,8cell,2.60851972031951,0.00909347719395261,0.0119234531348435
275,LTR31,0.265543949958518,8.6198831633806,8cell,2.5850783139041,0.00973568813215404,0.0127279805139484
276,RLTR20A1,0.36396075897079,7.70370027703432,8cell,2.57922846817836,0.00990212719095313,0.0129076115436325
277,LTR103_Mam,0.553699457314813,6.45184679518212,8cell,2.54263961930589,0.011001863671346,0.0142992058535477
278,MER66C,0.939141022655845,4.83266795859259,8cell,2.46053721446724,0.0138729183704875,0.0179520006278944
279,RLTR30D2_MM,0.114901868871822,10.8517579127153,8cell,2.42447018832854,0.0153307419819379,0.0197522168433954
280,RLTR9A2,0.212113707354165,9.04240419390218,8cell,2.39058279601137,0.0168216558148862,0.0214862816371176
281,CRP1,0.533672415825174,6.35669325746852,8cell,2.37117359124475,0.0177317009014499,0.0226161866590947
282,UCON86,0.706568312184298,5.53506047223841,8cell,2.36142501249935,0.0182048532612433,0.0231532396984911
283,ERVB4_1-LTR_MM,0.708581755360935,5.31785906016552,8cell,2.19643219558361,0.028061023350412,0.0354350138615287
284,RLTR20A3_MM,0.0956178545241671,11.0877893939184,8cell,2.18957567966586,0.0285550244197243,0.0360076832753687
285,MLTR13,0.202157147372993,8.8633352637235,8cell,2.14126625104748,0.0322525730802643,0.0406126593036189
286,RLTR1C,0.0958429175659897,10.9560837710936,8cell,2.09678774026361,0.0360123693371193,0.0452189213851682
287,MER50-int,0.792902579062066,4.75091859245115,8cell,2.01936315426695,0.0434494882336407,0.0544036549855022
288,RLTR12G,0.157433681500676,9.39452798941329,8cell,2.00463268447552,0.0450023297905802,0.0562687358422304
289,LTR73,0.256729990775304,7.94107074787944,8cell,1.97533260600279,0.0482304153388567,0.0602202798261849
290,CR1-1_Amn,0.814922808347252,4.45344529780426,8cell,1.87213344919443,0.0611881433945002,0.0758664706802101
291,MLTR31FA_MM,0.105989671847684,10.3303122203629,8cell,1.86663536531019,0.0619525254097717,0.0767072355003997
292,L2-3_Crp,0.553872100091897,5.54273622959064,8cell,1.85602923228892,0.0634493915103738,0.0783423736843365
293,RLTR1,0.339277966421165,6.87786107682114,8cell,1.80587779725949,0.0709374299075617,0.0872245853220226
294,RLTR13A2,0.1378276858842,9.47047507112364,8cell,1.80179484966774,0.07157768836044,0.0878902830834684
295,X7C_LINE,0.272847872416073,7.49666823677513,8cell,1.79967456106901,0.0719120401890928,0.0881790396249704
296,RMER19B,0.0248504769830258,14.3667549436516,8cell,1.77408289272524,0.0760494400511883,0.0929958077104627
297,RLTR20A2B_MM,0.113633971422177,9.96361409545204,8cell,1.76240704994119,0.0780005483626955,0.0952506696352147
298,LTR45,0.686187505094371,4.74592654816484,8cell,1.74456045568315,0.081061409323933,0.0988526651426289
299,LTR102_Mam,0.188061590210023,8.30574297162046,8cell,1.64192543836207,0.100605457250726,0.121684695912783
300,LTR108e_Mam,0.539689725018629,5.19615871138938,8cell,1.60381477006788,0.108754887911175,0.131362901294883
301,RLTR19-int,0.0493282148739513,12.0244472071665,8cell,1.56288595531856,0.118079421681418,0.141854872803758
302,MLT1M,0.145054714335795,8.90635815489019,8cell,1.55951379778635,0.118874821446063,0.142408332769952
303,LTR58,1.12738579695069,2.98863996174996,8cell,1.55889730813452,0.119020687568137,0.142408332769952
304,MLT1A1-int,0.189857836376516,8.08463955967977,8cell,1.53533022653502,0.124702733016125,0.149006357058246
305,MER92C,0.302436099773695,6.73678946243039,8cell,1.53296688255354,0.125284014955631,0.149499985631619
306,LTR41C,0.154751594246425,8.55753198826896,8cell,1.4743051693762,0.140399443972467,0.16686511456086
307,MER90,0.147368687171469,8.67679311315918,8cell,1.46321635425688,0.143408187148494,0.17021345577438
308,UCON49,0.449814061264777,5.40689059560852,8cell,1.43800859573831,0.150431615243975,0.178074175701589
309,RLTR14,0.0420334285681576,12.1956306460673,8cell,1.41318904392914,0.157600147069794,0.185571563900725
310,LTR88a,0.277673286228851,6.72075885781424,8cell,1.39965300191445,0.161617253997072,0.18954846807836
311,MER49,0.841843530632129,3.4351823597917,8cell,1.35890062389197,0.174178081141585,0.203423031044513
312,MLT1F1-int,0.233769063353307,7.07471479502837,8cell,1.33213866566551,0.182814626697999,0.212725396772934
313,RMER5,0.0230433163508257,13.7202807599802,8cell,1.31451460436349,0.18867308666841,0.218687960595862
314,MamGypLTR1b,0.17276164142345,7.90885409380343,8cell,1.31450359408348,0.188676789400479,0.218687960595862
315,MamRep605b,0.113008098002116,9.03736342666144,8cell,1.27141075809258,0.203582557358542,0.234740458484752
316,CR1-13_AMi,0.515268004494109,4.64960400919364,8cell,1.26700515368866,0.205153447114433,0.236245355550169
317,LTR72_RN,0.0641335017235699,10.6426085327265,8cell,1.25860903793384,0.208171580941238,0.239035397397304
318,UCON51,0.404142790554029,5.26178097802851,8cell,1.2286326601912,0.219209564387129,0.250956854817711
319,LTR77,0.432597713296736,5.06464150847248,8cell,1.22828435157867,0.219340243187133,0.250956854817711
320,MLT1G3-int,0.251501806013791,6.57169160699491,8cell,1.20389989193406,0.228628273575507,0.260912111949456
321,MER110-int,0.329642202345503,5.72431628386528,8cell,1.17638301439616,0.239441856155262,0.271509961890341
322,LTR48,0.0808083419382679,9.77004698760996,8cell,1.17197297411016,0.241207906832274,0.273164113597314
323,HUERS-P3b-int,1.03131590218439,2.29248125036058,8cell,1.12035147357348,0.262564015215604,0.29621752478004
324,RLTR20B4_MM,0.0737191372192014,9.84700376865108,8cell,1.09805858770132,0.272178907008339,0.306675599911804
325,RNLTR23,0.760974573192403,2.95344529780426,8cell,1.039483897253,0.298579743257474,0.333883511642635
326,MER87,0.277561597393802,5.84674347874966,8cell,1.03345724847154,0.301389967366201,0.336602614307227
327,LTR85a,0.110315429419305,8.37625565976673,8cell,0.986967932554887,0.32365835934525,0.359216331408149
328,MLT1I-int,0.236752739286701,6.03773957474401,8cell,0.941837654139702,0.346275763797461,0.382884519920327
329,MER34B-int,0.217554517445513,6.21861595051974,8cell,0.921454470636858,0.356813201291182,0.393556992491143
330,MER65D,0.162265736459948,7.00805591911026,8cell,0.903557864875293,0.366229892109353,0.402943532283682
331,RLTR20D,0.0415781086352488,10.771859078193,8cell,0.853349655745453,0.393465431051807,0.4297183884583
332,MER34A,0.0551684071525451,9.92193369660063,8cell,0.843362971621402,0.399025474280307,0.434361544899942
333,LTR81AB,0.188510462922091,6.36140376558477,8cell,0.838944168595582,0.401500640605694,0.436349718213279
334,MamRTE2,0.431344093994319,3.74592654816484,8cell,0.775446562497023,0.438075830251271,0.4743598210638
335,RLTR30,0.0508047188911235,9.78575689940827,8cell,0.740849811394676,0.458784509152023,0.496179353571956
336,L1M3d,0.0918233529540724,7.88406631088164,8cell,0.692686316818846,0.488506427945853,0.527041522383329
337,LTR59,0.585300503781374,2.5,8cell,0.683244538475104,0.494452333392268,0.532809847740274
338,LTR90B,0.135737428340676,6.46435170959668,8cell,0.626026211681975,0.531297748923984,0.571129019097245
339,MLTR31A_MM,0.0457928522352143,9.58931054434845,8cell,0.623812405076104,0.532750791856747,0.571999340532184
340,LTR87,0.0656995141995704,8.53274488272405,8cell,0.620559583987828,0.534889438711641,0.572548259245456
341,MLT1G1-int,0.141332248593625,6.32034841878505,8cell,0.620096654545035,0.535194154592772,0.572548259245456
342,LTR40A1,0.10414618766941,7.11834346691461,8cell,0.602521579351997,0.546827003339347,0.583515603286104
343,RLTR13B4,0.036194337453737,10.1635570074786,8cell,0.601638060904365,0.5474150878972,0.583515603286104
344,L1M2b,0.262270275295734,4.33088904888599,8cell,0.577461216549531,0.563627930792038,0.60007812032829
345,RLTR18B,0.0222663417763047,11.3369003815746,8cell,0.555867056160133,0.578301740628052,0.614964410787486
346,MER76,0.0573376180021441,8.58409120745842,8cell,0.551302001710769,0.581426666529419,0.617548753338894
347,L1MCc,0.0413932644727517,9.44265753052469,8cell,0.535934104576904,0.592004093009535,0.628032981724913
348,LTR16D,0.0572798087816935,8.40170610891674,8cell,0.517010192483727,0.6051490437751,0.639687871481645
349,BGLII_A,0.0405351162526963,9.27997978609422,8cell,0.496051291591811,0.619858223408872,0.651364019634146
350,MER51-int,0.401118865728664,2.58496250072116,8cell,0.482234741823144,0.629639199493736,0.658528527470507
351,MamRep1151,0.0561246764357138,8.19877047242827,8cell,0.472178135167186,0.636799644979904,0.664054412744638
352,HERVL40-int,0.0511913534302151,8.38638924393387,8cell,0.459609170850126,0.645796775286751,0.671477582725054
353,LTR81A,0.0518598138401778,7.82270256401889,8cell,0.382981771094848,0.701733280104111,0.722874723073644
354,LTR28B,0.0592901771210771,7.17674573245566,8cell,0.350027752649607,0.726317869922186,0.747334011991694
355,RMER6C,0.00711726296782433,13.2760332840056,8cell,0.348027685989587,0.727819391285874,0.748013224107678
356,MER4CL34,0.358134064409043,1.66096404744368,8cell,0.312575813674211,0.75460295587175,0.771970112508614
357,MamGypLTR2b,0.0530407166043797,7.11890373686157,8cell,0.306918411391955,0.758905474724815,0.775479272448691
358,RMER6-int,0.0177258457183067,9.65284608614879,8cell,0.246846429529592,0.805027076506444,0.819781295548945
359,LTR29,0.070853195279085,5.38077561622224,8cell,0.224469421661528,0.822392057830623,0.835550330755912
360,LTR34,0.201240903626703,2.29248125036058,8cell,0.218614434669238,0.826950407537018,0.838265578449725
361,LTR37A,0.0173890031120929,9.18042354208983,8cell,0.205581730234701,0.837117649850762,0.847605456397868
362,LTR86B1,0.0435423069200327,6.07582541498671,8cell,0.175519344366051,0.860671572107784,0.868486977983905
363,X7D_LINE,0.106234639384584,3.01118390651423,8cell,0.148048598200879,0.882304414981037,0.887294824568033
364,RLTR14_RN,0.00626475367976256,11.0579282409575,8cell,0.141980841180365,0.88709513888895,0.891104608443251
365,L1MEg2,0.0202773346215425,7.17301443757014,8cell,0.119555339894199,0.904835399482836,0.906875614588773
366,RLTR34B_MM,0.00418561849905608,10.4377055750698,8cell,0.0765105613447331,0.939012911867943,0.940070358840767
367,ERVB4_1B-I_MM,0.000143833825938688,11.5359380320418,8cell,0.00384721976459073,0.996930370320135,0.996930370320135
368,MER68C,-0.0336877064476699,5.9673982960892,8cell,-0.130787132012886,0.895943702719371,0.898977372141671
369,RLTR42-int,-0.00515636239414102,11.9685205695754,8cell,-0.160234173704016,0.872696610448321,0.878626598741288
370,L1M,-0.0179083443781247,8.51045742476703,8cell,-0.167850285538176,0.866701061509161,0.873579641362408
371,CR1-11_Crp,-0.125033657673766,3.11440934524794,8cell,-0.180593482674977,0.85668667184189,0.865448240076636
372,LTR85b,-0.0303173513628178,7.24278888545159,8cell,-0.183126660501796,0.854698637428597,0.86442217141527
373,LTR81C,-0.0387437077454305,7.10381223411338,8cell,-0.223019696007085,0.823520177328233,0.835741367174428
374,LTR16D1,-0.0395666907357838,7.23694798292778,8cell,-0.238512362655495,0.811483727984416,0.825410794254171
375,HAL1b,-0.019166297757116,9.62351175335067,8cell,-0.264205963093618,0.791621216399019,0.807054198828816
376,L1M7,-0.0348143102135443,8.01326172125988,8cell,-0.274654953206973,0.783581342680952,0.79977475734026
377,MamGypLTR2c,-0.0588860169439961,7.11215160468669,8cell,-0.339945605477247,0.733897491425148,0.751653075895111
378,X7B_LINE,-0.0592903279309296,7.10140627620683,8cell,-0.341007362475239,0.733098039141359,0.751653075895111
379,LTR27C,-0.292803031819601,2.52219705967923,8cell,-0.344440199356819,0.730515261519272,0.749916937056158
380,L1MEg1,-0.0797565491181298,6.64845810343964,8cell,-0.392075955316244,0.695002092975712,0.716771300064279
381,L1M6B,-0.124919555119718,5.38243579536805,8cell,-0.395984383218476,0.692116548973019,0.714624404224174
382,RLTR44A,-0.0358744312733691,9.10668740676448,8cell,-0.413424327113642,0.679295754204755,0.702202238939567
383,IAPEY4_I-int,-0.0162686004534067,11.4534717138557,8cell,-0.422884006940959,0.672379891922928,0.695862309568665
384,MER50B,-0.261746618041376,3.59983617241818,8cell,-0.447322028963603,0.654642563748183,0.678295150550273
385,CR1_Mam,-0.0518416172834061,8.28900203412052,8cell,-0.449999521489846,0.652710785607502,0.677082716925402
386,MER76-int,-0.285062225176202,3.41644500708237,8cell,-0.457167906927162,0.647550363912147,0.672514338221844
387,LTR108b_Mam,-0.242670604455925,3.90689059560852,8cell,-0.461288595938276,0.644591565687558,0.6710092528059
388,RLTR6B_Mm,-0.0208181215759637,11.0570606786024,8cell,-0.471668295634765,0.637163570383775,0.664054412744638
389,LTR107_Mam,-0.100417259411383,6.53304459522889,8cell,-0.474286364661819,0.635295713575623,0.663663794792866
390,LTR88b,-0.0621417182006025,7.98306118834684,8cell,-0.48514011245224,0.627576959887631,0.657144778963609
391,RLTR31M,-0.0390158446247018,9.36475726708916,8cell,-0.491696392781439,0.622933988679041,0.653052259358099
392,X8_LINE,-0.110332970647568,6.37031202224471,8cell,-0.492542539316365,0.622335857319834,0.653052259358099
393,MER34,-0.0351292618274421,9.69761748272871,8cell,-0.496853160219401,0.619292604237687,0.651364019634146
394,RLTR13D1,-0.0375349644498777,9.54011209609673,8cell,-0.502674470330322,0.615193161717069,0.647993744983975
395,LTR86A1,-0.106401260697187,6.5549153271394,8cell,-0.50637346878025,0.612594496076203,0.646021953750587
396,MER72,-0.428956132829024,2.58496250072116,8cell,-0.515701373438234,0.60606299523739,0.639893114924038
397,MER73,-0.0796882949178738,7.5338432203076,8cell,-0.532431086071291,0.594427459745108,0.629102394896906
398,LTR64,-0.527853093502187,2.08496250072116,8cell,-0.533630879034424,0.593596939853272,0.628972204445243
399,X2_LINE,-0.137205361181425,6.38264304936184,8cell,-0.615128048261747,0.538470160200251,0.575360543771663
400,MER129,-0.15359501615426,6.08464934789642,8cell,-0.621038919642889,0.534574015937464,0.572548259245456
401,RLTR10C,-0.0179861365436558,12.5093013908079,8cell,-0.674174921220423,0.500200111788436,0.5383509677723
402,MER67A,-0.0799276116006322,8.39297523990401,8cell,-0.719250584828165,0.47198653683361,0.509837219009817
403,LTR86B2,-0.260008242780437,5.23837310196973,8cell,-0.784063235542121,0.433003006396069,0.469438625226957
404,L1ME3C,-0.0851590346063056,8.63640144753967,8cell,-0.833785503998373,0.404401865402253,0.438966127402446
405,LTR108c_Mam,-0.452318143812224,3.85021985907055,8cell,-0.843081870879613,0.399182657124019,0.434361544899942
406,MER34A1,-0.0673079963104847,9.34897585516273,8cell,-0.843620694159216,0.398881396545082,0.434361544899942
407,LTR9,-0.483321106684875,3.69615871138938,8cell,-0.85402968734071,0.393088540483645,0.4297183884583
408,MER92A,-0.268875438103835,5.4036774610288,8cell,-0.858610033644875,0.390555700566772,0.427591154930862
409,MER101B,-0.393667877015975,4.33621267098575,8cell,-0.868370404546613,0.385191591167532,0.42223837798759
410,LTR91,-0.244297479148668,5.75488750216347,8cell,-0.881102366375126,0.37826241656936,0.415154676950816
411,CR1-L3B_Croc,-0.834820284287524,2.22971580931865,8cell,-0.88737752499847,0.374875679599707,0.411946204158392
412,CR1-12_AMi,-0.271209329477453,5.55197171494578,8cell,-0.91173794831685,0.361906682263484,0.398680347623591
413,ERVB7_4-LTR_MM,-0.0892488746824401,8.79527159650164,8cell,-0.923292686241346,0.355854698267445,0.392987362434483
414,LTR83,-0.134810500665574,7.67753787333453,8cell,-0.946718977533517,0.343781997489236,0.380600492861682
415,L1M3f,-0.24533175921081,5.9734531372282,8cell,-0.954462112688626,0.339849778563304,0.376716275739123
416,MER83B-int,-0.780513053454401,2.74592654816484,8cell,-0.992185992038443,0.321106804470861,0.356829936468244
417,LTR75,-0.175427194783012,7.07001544602725,8cell,-0.998049282766205,0.318255461557764,0.354104011670654
418,RLTR9A4,-0.358033985116065,5.04637857045993,8cell,-1.01015984213017,0.31241871550863,0.348045411136807
419,MLTR18A_MM,-0.0790473197613725,9.46427364496868,8cell,-1.03115172444326,0.302469675092033,0.337384618766396
420,RLTR49,-0.0460330050825478,11.0523604769279,8cell,-1.04125456087074,0.297757419426606,0.333383307141376
421,MLT1E-int,-0.968684097815609,2.29248125036058,8cell,-1.05231253984958,0.292656180273174,0.328084923408388
422,MER57-int,-0.139347851503511,7.94202562187733,8cell,-1.07252550752463,0.283484063373014,0.318203702447739
423,RMER3D3,-1.31022103747436,1.5,8cell,-1.08150068536492,0.2794744559841,0.314099609822838
424,RLTR19D,-0.223671131379075,6.62403790458848,8cell,-1.09028028137942,0.275589698545958,0.310125622794122
425,MLT1K-int,-0.88284875556773,2.79248125036058,8cell,-1.14052921398761,0.254065888837929,0.286994377607267
426,LTR39,-0.790376609440034,3.12396375672179,8cell,-1.1453739449726,0.252054286656031,0.285084301319607
427,L1ME3B,-0.0830250491251876,9.73850063158146,8cell,-1.19102824025976,0.233642498693353,0.26527226224571
428,RLTR31B2,-0.0497094178385207,11.2276648644976,8cell,-1.19485808396258,0.232142482046987,0.263906223196639
429,LTR81,-0.277204334912625,6.27921035663433,8cell,-1.19901939476232,0.230520404267505,0.262397745702704
430,X6A_LINE,-0.108653068717765,8.98722970221877,8cell,-1.20135722962098,0.229612659486192,0.261699556773365
431,LTR108d_Mam,-0.517068302958829,4.49292096850167,8cell,-1.20423136634116,0.228500165758066,0.260912111949456
432,LTR108a_Mam,-0.459407366467314,4.96017642770754,8cell,-1.25802438020417,0.208382939238369,0.239035397397304
433,RLTR8,-0.106299729835248,9.19513276900694,8cell,-1.26315324167221,0.206534113102795,0.237527589325206
434,MLT2F,-0.0853634912332882,9.90249324888179,8cell,-1.29619391701349,0.1949086847432,0.225030936021694
435,L1ME3E,-0.148054709805265,8.33088904888599,8cell,-1.30394868299512,0.192251079842499,0.222251248348481
436,L2-2_Mam,-0.152748632757239,8.25784991914202,8cell,-1.31166183177346,0.189634260422067,0.21951153322294
437,MER68B,-0.136032562094416,8.60336888093264,8cell,-1.31672310615812,0.187931455565714,0.218393547709699
438,LTR9D,-0.739070570304843,3.8073549220576,8cell,-1.35724993179709,0.174701810177459,0.20355165039025
439,RLTR30C_MM,-0.183116334994831,7.83550788585841,8cell,-1.35831864018849,0.174362598038154,0.203423031044513
440,L1M2c,-0.141760063996605,8.61026474114565,8cell,-1.37544566179278,0.168993320943394,0.197677713577207
441,ORR1A3,-0.027829210773894,13.3194599436805,8cell,-1.38147359735311,0.167133390435561,0.195759662842178
442,RLTR12B,-0.0667027835070264,10.8474603249942,8cell,-1.40535738206508,0.159915032980144,0.187799820765321
443,LTR45C,-0.640712516396996,4.33444249213312,8cell,-1.41244584260487,0.157818726413045,0.185583131985711
444,LTR105_Mam,-0.204306309838633,7.63806220263712,8cell,-1.41526373225201,0.156991184439235,0.185099685631936
445,LTR23-int,-1.64186593559096,1.66096404744368,8cell,-1.43300409473239,0.151856667137107,0.17928363490689
446,LTR48B,-0.13896642219596,8.78673483982216,8cell,-1.43338076945738,0.151749051022937,0.17928363490689
447,MLT1C-int,-0.23868535474989,7.28007684024656,8cell,-1.4604898632089,0.144155491455843,0.170872309205659
448,LTR88c,-0.251030475018198,7.25451634315325,8cell,-1.52248121690164,0.127888548300121,0.152199356678457
449,X1_LINE,-0.526674289280302,5.12514920895317,8cell,-1.52708831950678,0.126739051039917,0.151033534014057
450,CR1-3_Croc,-0.30558771284333,6.75711045467907,8cell,-1.55988890385241,0.118786137105253,0.142408332769952
451,MER95,-0.478189352800273,5.50840414384328,8cell,-1.58346225150044,0.113316143963625,0.136316714456919
452,LTR75_1,-1.78427388626135,1.72971580931865,8cell,-1.5948484913422,0.110746120354919,0.133405556904502
453,MER31B,-0.110536555011529,9.76220772766539,8cell,-1.59877492812419,0.109870621847341,0.132530505864703
454,MLT1G-int,-0.548733297331945,5.26178097802851,8cell,-1.66820160248857,0.0952757129030471,0.11539524355696
455,LTR85c,-0.287405885719571,7.12817806775708,8cell,-1.66841911054485,0.0952325571895779,0.11539524355696
456,MamGypsy2-LTR,-0.307801068272243,6.95933846340756,8cell,-1.68525838318106,0.0919387312885294,0.111657830758883
457,RLTR10A,-0.0676756749562267,11.3487841488683,8cell,-1.69646016919014,0.0897987671921273,0.109208076653627
458,ERVB3_1-I_MM,-0.170204448836656,8.74284391204327,8cell,-1.72908428304224,0.0837940116613278,0.102045036119069
459,MLT1J2-int,-0.649139399287399,4.97564235748349,8cell,-1.78713323632315,0.0739159568000674,0.0905114126656473
460,RLTR20B1,-0.098442581829328,10.4512118479009,8cell,-1.80791427700106,0.0706198433594701,0.0869543500644999
461,RLTR20C,-0.183589436834812,8.65538626002611,8cell,-1.8093762215792,0.0703925747176124,0.0867947280498716
462,ORR1F-int,-0.131895505323286,9.68721623300464,8cell,-1.85876032910727,0.063061117891047,0.0779712570307939
463,L1ME3F,-0.209894590337209,8.39661113277732,8cell,-1.89117580408033,0.0586008801162427,0.0727600313175137
464,MLT1E1-int,-2.03501720059531,1.85021985907055,8cell,-1.89654725407485,0.0578877177051241,0.0719750783774201
465,RLTR30D_MM,-0.158857070501828,9.23521028284502,8cell,-1.91409260077584,0.0556083247944247,0.0692378161656073
466,MER66-int,-1.2387385818679,3.32192809488736,8cell,-1.92260251427334,0.0545299880137189,0.0679904058123367
467,Penelope1_Vert,-0.142969716748189,9.73847987248336,8cell,-2.05094422441711,0.0402723787140143,0.0504966779643987
468,RLTR10D2,-0.179583129667664,9.20043554983948,8cell,-2.13790103029027,0.0325247766220228,0.0408974913960089
469,LTR86C,-0.459293554988489,6.61260371847175,8cell,-2.22996242965078,0.0257499371960717,0.032562865102856
470,MER57E2,-0.679482595326944,5.5021102331591,8cell,-2.24511617390609,0.0247606755580646,0.0313564680500277
471,RLTR10B,-0.163770590735074,9.61089621055047,8cell,-2.24771564572884,0.0245943277002238,0.0311902386954336
472,MT-int,-0.132471318344622,10.2379977968651,8cell,-2.25954969411465,0.0238492127854722,0.0302885002375497
473,MLT1E1A-int,-1.20075847933337,4.00840414384328,8cell,-2.36423442231547,0.0180673761103161,0.023011314272308
474,L2-1_AMi,-1.37321124257071,3.66096404744368,8cell,-2.39705074112903,0.016527634793087,0.0211411040734595
475,LTR69,-0.54570066616276,6.32406642282633,8cell,-2.39735429911632,0.0165139471787833,0.0211411040734595
476,RLTR10,-0.0495434524297693,13.2598093688432,8cell,-2.40903682983901,0.0159946837901747,0.0205184327409311
477,MLT1E3-int,-1.91487401107245,2.72971580931865,8cell,-2.42054502255589,0.015497260094543,0.0199090523468912
478,MER54B,-0.338865914005133,7.73041990651505,8cell,-2.42373369877809,0.01536186565399,0.0197636737574488
479,X7A_LINE,-0.443785202558435,6.97491335537956,8cell,-2.44294374107496,0.0145680080484429,0.0187967476851462
480,MER34-int,-0.51811890431663,6.53371718037826,8cell,-2.44772682872263,0.0143760604068593,0.0185760431710725
481,HERV16-int,-0.253190475605448,8.68049210798698,8cell,-2.51714055278254,0.0118311621546338,0.0153322203432499
482,RLTR13F,-0.312128979594555,8.1022473641466,8cell,-2.53955518191483,0.0110993534327686,0.0144048543090968
483,RLTR13A1,-0.224329588787743,9.08763832076099,8cell,-2.56820851729883,0.010222564383413,0.0133057975649401
484,L1M3b,-0.372698225952195,7.63866186430869,8cell,-2.58227911445954,0.00981501694431594,0.0128128488450762
485,LTR84b,-0.351168853415628,7.81638402736437,8cell,-2.58768906129394,0.0096622155878914,0.0126505296872393
486,MamGypLTR1c,-0.436980599179994,7.26812360784406,8cell,-2.66278296834479,0.0077497380061578,0.0101765392724879
487,RMER17D,-0.0978591431641107,11.5977170443668,8cell,-2.67416370492024,0.00749158714796625,0.00985210203334615
488,MER90a,-0.18453459657392,9.77453038893294,8cell,-2.68048919388537,0.00735146380029715,0.00969651530929401
489,MLT1E2-int,-0.898636675370157,5.23583760719602,8cell,-2.70748763804814,0.00677945955592161,0.00895533364816391
490,MLTR73,-0.141260469512729,10.5840489621499,8cell,-2.71651113637028,0.00659739756335408,0.00872780719318716
491,LTR80B,-0.583122097691308,6.54040876380416,8cell,-2.76121484281268,0.00575867804889892,0.0076409922171211
492,RLTR9B2,-0.285764407583296,8.62407497566388,8cell,-2.78596962373021,0.00533678725217921,0.00709178455483904
493,MLT1N2,-0.173703722462416,10.0618611629765,8cell,-2.78737804698708,0.00531364500627389,0.00707160241104415
494,X6B_LINE,-0.260290802961048,8.89790252012392,8cell,-2.79025217035847,0.00526670036241381,0.00701963511572096
495,RLTR9B,-0.236894129449588,9.19063627785589,8cell,-2.81061501429019,0.00494469124872279,0.00660034612629814
496,MER88,-0.721700128309326,5.98863996174996,8cell,-2.82258843698745,0.00476376814151153,0.00636840583128384
497,LTR50,-0.204883728993863,9.67330231295363,8cell,-2.87346886839688,0.00405991088760259,0.00543563370343179
498,MLTR14,-0.0505679749575986,13.7286995518682,8cell,-2.89310594052727,0.00381452610659093,0.00512252826096576
499,ERVB4_1B-LTR_MM,-0.131378875023773,10.9940630436646,8cell,-2.91230749274298,0.00358769267247701,0.00483251331186676
500,LTR37-int,-0.365925751097603,8.09572241391719,8cell,-2.97053321572815,0.00297283255316685,0.00402259990831862
501,LTR86A2,-0.774168117171138,5.9344112773875,8cell,-2.97141828652636,0.00296427744898034,0.00402259990831862
502,MLT1F2-int,-0.682189244061414,6.3315566542279,8cell,-3.00476148793306,0.00265789183891348,0.00361294471681052
503,MER57C2,-0.259392612185905,9.15918755109552,8cell,-3.04418451131465,0.00233311997919224,0.00318120193481886
504,MLT1O,-0.203984083389786,9.85849009021727,8cell,-3.05049645462365,0.0022846337766315,0.00311987623260431
505,LTR103b_Mam,-0.907447780636248,5.55979481037056,8cell,-3.05889483531779,0.00222155120169928,0.0030383984897087
506,MER77,-0.193296416605992,10.0438829113155,8cell,-3.08250903047934,0.00205263502383688,0.00281603786449227
507,IAP1-MM_LTR,-0.226556021422788,9.5912650714287,8cell,-3.08834722818097,0.00201273149380505,0.00276556151158067
508,MamGypLTR3,-0.635838954899193,6.6278093749198,8cell,-3.103437627357,0.00191286550847976,0.00263241089324847
509,L1M2a1,-2.90314901205463,2.26178097802851,8cell,-3.12040561105794,0.00180602167435265,0.00248922987364264
510,L1ME3D,-0.339192373464599,8.49131856683471,8cell,-3.15814429261244,0.00158776946873176,0.00219181220140145
511,RMER17C2,-0.0952812179058123,12.1741344490071,8cell,-3.17962720248013,0.00147464631542582,0.00203881893376913
512,L1MEj,-0.466575082093895,7.62836234353288,8cell,-3.22119595217346,0.00127656833862863,0.00177323320787633
513,LTR106_Mam,-0.52871231287258,7.28433434669025,8cell,-3.2399105844817,0.00119567187476547,0.00166346212310877
514,MER67C,-0.255788961918481,9.38873040633489,8cell,-3.25047096763395,0.00115214031488928,0.0016054118180824
515,LTR89,-0.547445544171472,7.22360620078633,8cell,-3.28483781875386,0.00102041089708906,0.00142408993330012
516,RLTR12E,-0.175648506966825,10.5835329411801,8cell,-3.37720660379552,0.000732260261618045,0.00102840343219343
517,L4_B_Mam,-0.340192875515952,8.69711410540785,8cell,-3.4016313653758,0.000669849263028312,0.000942240498152167
518,MLT2C1,-0.199469836441237,10.2606133031531,8cell,-3.42911089168617,0.000605562053151529,0.000853161117673073
519,RLTR50B,-0.2307561171122,9.88119588594284,8cell,-3.47812551009276,0.000504933438703968,0.000713649963446466
520,L1PB4,-0.526639941695652,7.525115644612,8cell,-3.50807617955295,0.000451359781459455,0.000638947206556458
521,RLTR12BD_Mm,-0.167165149792257,10.8962855414739,8cell,-3.58210608408366,0.000340835324167294,0.000484029717547483
522,RLTR12F,-1.22597271035542,5.16769517734696,8cell,-3.60750268107453,0.000309158344524794,0.000439746829252067
523,RLTR12H,-0.366358172604026,8.67161888740443,8cell,-3.63103466802939,0.000282287258489795,0.000402814402564089
524,MER57E1,-0.478541948975003,7.90149795238846,8cell,-3.63184447207898,0.00028140270774052,0.000402197760741676
525,MLT1-int,-0.409835831287174,8.35024695244396,8cell,-3.63380751007407,0.000279269244028573,0.000399791236620613
526,HAL1M8,-0.2480747442002,9.81008484961661,8cell,-3.64813264621934,0.00026415325690018,0.000379373578972957
527,LTR101_Mam,-0.525408665109013,7.65459605347995,8cell,-3.66050880449986,0.000251714903821831,0.000362094740287391
528,L1ME3G,-0.213747725445275,10.2569977353226,8cell,-3.66996191013081,0.000242586613337278,0.0003495291722153
529,MER31A,-0.219051854238329,10.2017749394689,8cell,-3.68972874517717,0.000224493293369672,0.000324511443586404
530,MER57D,-0.397274463158436,8.51365064609686,8cell,-3.72767410157006,0.000193255054422706,0.000279810656973592
531,MLT1H1-int,-1.12201013440215,5.54670878219398,8cell,-3.76504380248225,0.00016651988833558,0.000241494585204455
532,LTR81B,-0.465318001014108,8.0901099910851,8cell,-3.77004491205319,0.000163218172655073,0.000237093064526732
533,MamGypLTR1d,-0.745495306141087,6.7499229435416,8cell,-3.79595327337098,0.000147077201110056,0.00021399612403738
534,RLTR16,-0.135852164858069,11.6763680562215,8cell,-3.81499443828423,0.000136186000755258,0.000198800253976066
535,CR1-16_AMi,-0.6125586352054,7.35365260129003,8cell,-3.84498649463519,0.000120559078204726,0.0001765684028402
536,L1ME4c,-0.240920181891796,10.0584067560546,8cell,-3.86135698039835,0.000112759010725296,0.000165690513280641
537,MER110A,-0.56805394946482,7.60065994568627,8cell,-3.88432450220017,0.000102614781385579,0.000151535781813588
538,HAL1ME,-0.251427606043122,9.95366246773276,8cell,-3.88609151900476,0.000101871114574668,0.000150687888280999
539,LTR84a,-0.610043680219202,7.39692864126453,8cell,-3.887065442415,0.00010146340666646,0.000150334947544138
540,MLT1H-int,-0.361463727564358,8.91099595704346,8cell,-3.89242432822789,9.92474609326845e-05,0.000147543466169158
541,L1MB4,-0.128659001476607,11.913127793508,8cell,-3.92204144638003,8.78018839641899e-05,0.000130966232960008
542,MLT1H2-int,-1.01318191880949,5.96536866878144,8cell,-3.93075080908974,8.46810045221543e-05,0.000126523383227219
543,LTR53-int,-0.989901581374312,6.03807376401125,8cell,-3.93843203649436,8.20158179954512e-05,0.000122747579457839
544,LTR40c,-0.395439402387327,8.69397920274904,8cell,-3.94975457599276,7.82313661334053e-05,0.000117479196778036
545,MER74B,-0.331696536241428,9.20865225615669,8cell,-3.96004193603642,7.49366027967366e-05,0.000112912948959829
546,LTR80A,-0.940834940421029,6.23583760719602,8cell,-4.0087718909032,6.10353379888581e-05,9.21229464721475e-05
547,LTR79,-0.36195535837214,9.00167111004306,8cell,-4.02215594598372,5.76678547738161e-05,8.73368362758475e-05
548,LTR52-int,-1.49978463893889,4.9351823597917,8cell,-4.07153351510343,4.67046406851866e-05,7.0853968548005e-05
549,MamGypLTR3a,-0.558018539914215,7.80815954848843,8cell,-4.1002166240576,4.12763585492135e-05,6.27259534192322e-05
550,L1MEi,-0.357431996918048,9.10261980563335,8cell,-4.11331692548618,3.900143614968e-05,5.93703368785368e-05
551,LTRIS6,-0.535828315505458,7.9444786202003,8cell,-4.12764398586579,3.66498946517725e-05,5.59823992189445e-05
552,RLTR14-int,-0.12763752022895,12.0837171892549,8cell,-4.12794490581636,3.66019779186593e-05,5.59823992189445e-05
553,MLTR18B_MM,-0.287532623450378,9.8002051112313,8cell,-4.2139371584877,2.50957137884612e-05,3.87327943714271e-05
554,LTR104_Mam,-0.490720416634596,8.25969527067398,8cell,-4.21654205126508,2.48077044234673e-05,3.83548682303695e-05
555,MER92-int,-0.487281266653605,8.28267006360423,8cell,-4.22046349994247,2.43800530655982e-05,3.7759350479646e-05
556,RLTR12A,-0.230061798567819,10.4490969711719,8cell,-4.22202692198206,2.42115182436932e-05,3.75637691424839e-05
557,L4_C_Mam,-0.330328891225302,9.41835189013633,8cell,-4.2410143108486,2.22511947380346e-05,3.45827135001971e-05
558,L4_A_Mam,-0.310123104716319,9.60096742213756,8cell,-4.24174995680081,2.21783702650073e-05,3.4529896962507e-05
559,MER70C,-0.826130782390006,6.81842557831327,8cell,-4.30760132248129,1.65034503066313e-05,2.58302241594987e-05
560,L1MEa,-0.639995335247973,7.56544613490331,8cell,-4.32317138040762,1.53802163899122e-05,2.41146602656649e-05
561,AmnSINE1,-0.227549077872921,10.554716717581,8cell,-4.33162166966909,1.48015117210444e-05,2.32483108127358e-05
562,ERVB7_3-LTR_MM,-0.355435766783161,9.29504861935262,8cell,-4.37244618627303,1.22862107154153e-05,1.93660307198656e-05
563,MER110,-0.792115725713375,7.00325070378472,8cell,-4.40346467997955,1.06535635287205e-05,1.69125321018439e-05
564,RLTR9A3,-0.232023334363742,10.5494539345451,8cell,-4.40874409955229,1.03971788916508e-05,1.65350483625717e-05
565,MER89-int,-0.927855635619286,6.57582541498671,8cell,-4.44786791191064,8.67268311043234e-06,1.38172316938608e-05
566,RMER20A,-0.15881631308023,11.6705997749728,8cell,-4.45096363854581,8.54858170755079e-06,1.3643966136468e-05
567,MER72B,-1.71702052585317,4.8146783100398,8cell,-4.47061114243451,7.79963982807074e-06,1.24710068474009e-05
568,MER70-int,-1.33007131087899,5.58683856815171,8cell,-4.52572680153927,6.01882929724643e-06,9.69336819792042e-06
569,RLTR10B2,-0.214021380282033,10.8951416309491,8cell,-4.58434890833442,4.55403248513357e-06,7.36097250778862e-06
570,MLT1J1-int,-1.18631443827078,5.95905892551589,8cell,-4.59238386811736,4.38211371724437e-06,7.09599106490026e-06
571,L1MA10,-0.340219525131139,9.5786389233407,8cell,-4.61752464433947,3.88344574429447e-06,6.29996946474049e-06
572,L1M1,-0.359940675539296,9.41691756920362,8cell,-4.618896266107,3.85786651398649e-06,6.2699146817806e-06
573,LTR82B,-0.484211608081086,8.56857563013915,8cell,-4.63073288584228,3.64373692475307e-06,5.93275114671333e-06
574,L1M3a,-1.15671745102207,6.07645928806831,8cell,-4.6637605963507,3.10482566554516e-06,5.08322286679494e-06
575,MER89,-0.298030068860365,9.99881578785299,8cell,-4.67904123238889,2.88219483518669e-06,4.72743765402393e-06
576,RLTR20B3A_MM,-0.271509425811354,10.2775482422086,8cell,-4.69503019010022,2.66567351755324e-06,4.380376630508e-06
577,LTR67B,-0.318533597056966,9.89361970188227,8cell,-4.82189074835315,1.42203828936303e-06,2.34109636896987e-06
578,L1M3de,-0.838063622054832,7.11260371847175,8cell,-4.83885147442886,1.30591589369289e-06,2.1579167834442e-06
579,L1M6,-0.548724498278127,8.33690296895843,8cell,-4.84281443319303,1.28012831445985e-06,2.11924408110765e-06
580,MLT2E,-0.767219442014737,7.39804516067341,8cell,-4.89044720296745,1.00607142167014e-06,1.67490167390403e-06
581,RLTR26,-0.311152140405744,10.0127617529305,8cell,-4.90872619409664,9.16698573136249e-07,1.52897754506215e-06
582,L1M4a1,-0.39113313346907,9.41314699859737,8cell,-5.01261482636745,5.36953128940206e-07,9.02365466215205e-07
583,MMERVK10D3_LTR,-0.562277408538104,8.37288967519735,8cell,-5.02470736875048,5.04200740361685e-07,8.48928898071095e-07
584,LTR16E2,-0.415034372131776,9.25080587309465,8cell,-5.02791502234026,4.95841503059529e-07,8.36438512751274e-07
585,L1MCb,-0.358334910475681,9.69378781395363,8cell,-5.06141208616805,4.1616262706066e-07,7.03362310754613e-07
586,RLTR26B_MM,-0.278182322592954,10.4312683598145,8cell,-5.07367080211609,3.90213894182685e-07,6.60762194149347e-07
587,Plat_L3,-0.41537573598671,9.27506900999619,8cell,-5.07454500475316,3.88424295481444e-07,6.58987020387411e-07
588,IAPLTR4,-0.323093730252699,10.0086339344944,8cell,-5.08982912857459,3.58386308863256e-07,6.09188199960679e-07
589,RMER20C_Mm,-0.161371101387278,12.022094488188,8cell,-5.10861802043676,3.24523672329465e-07,5.5268495153428e-07
590,L1M8,-0.751177896475513,7.59491227944001,8cell,-5.12629505571181,2.9549939079174e-07,5.0422064954675e-07
591,L2,-0.0631987116467196,14.741349475471,8cell,-5.13835007167457,2.77161196068791e-07,4.73839044817605e-07
592,ORR1C2-int,-0.218622674788107,11.1933946241075,8cell,-5.19294618788447,2.06992028120883e-07,3.55243075288542e-07
593,IAPLTR3,-0.365594143290245,9.73851545914293,8cell,-5.24462426073834,1.56601134775845e-07,2.70852935439156e-07
594,LTR82A,-0.531827521082602,8.71119666547124,8cell,-5.34382882579943,9.10035111034952e-08,1.57703940294361e-07
595,RLTR13D5,-0.239067422003661,11.0193630628253,8cell,-5.34614410862166,8.98476830169293e-08,1.56005058988379e-07
596,RLTR40,-0.173636212865191,11.965293601497,8cell,-5.38971965652216,7.05676793203449e-08,1.23009150815268e-07
597,MLT-int,-0.322175186295584,10.2409997099581,8cell,-5.50102980259906,3.77579374181296e-08,6.62067186680813e-08
598,L1ME5,-1.01654913403949,6.93112495042576,8cell,-5.51160588399845,3.55574415483634e-08,6.24714733922828e-08
599,MLT1H2,-0.29033786758675,10.5557308699289,8cell,-5.52881147821384,3.22407580263021e-08,5.68691148519495e-08
600,L1MEh,-0.880068678285631,7.36385388873634,8cell,-5.54369311871478,2.96157700820289e-08,5.25517357343785e-08
601,RLTR26D_MM,-0.439168301948424,9.40606357767178,8cell,-5.61441488365625,1.97228482273247e-08,3.51374991464763e-08
602,MLT1E,-0.430958406256753,9.46916380370339,8cell,-5.63127657841535,1.78880596073962e-08,3.19327007850908e-08
603,LTR37B,-0.618670922217642,8.43361523442964,8cell,-5.64625080496965,1.63984569497972e-08,2.93324511637217e-08
604,LFSINE_Vert,-0.307799499382796,10.4904867531189,8cell,-5.73026610698599,1.00273203002468e-08,1.80086621149888e-08
605,MER70B,-0.621827404759115,8.47289336416723,8cell,-5.75284151672244,8.77557470187408e-09,1.57924815991216e-08
606,MER70A,-0.747038188564239,7.94970206537905,8cell,-5.76508341770274,8.16174621461334e-09,1.47475454975432e-08
607,LTR33A,-0.415557484595951,9.64310063353375,8cell,-5.76745315149037,8.04784464075688e-09,1.45713521092319e-08
608,IAPEY3C_LTR,-0.453729903085221,9.39215607018838,8cell,-5.77268064343781,7.80202284517607e-09,1.41840456224162e-08
609,RMER4B,-0.117151961841966,13.3336939328556,8cell,-5.84433653999008,5.08591161527156e-09,9.28413845169696e-09
610,RLTR47,-0.723531006092271,8.09356969805499,8cell,-5.86914129406098,4.38058004626445e-09,8.0130363397718e-09
611,RLTR9A3B,-0.499313091582092,9.16451054036091,8cell,-5.87066831164368,4.34041877707443e-09,7.95594287179209e-09
612,MamSINE1,-0.37338395405975,10.0138463796127,8cell,-5.89270812006079,3.79917137969645e-09,6.98991334235005e-09
613,MLT1D-int,-0.813937505837118,7.77681464695818,8cell,-5.91604249147884,3.29780048436485e-09,6.08245773983475e-09
614,ORR1D2,-0.0760710864980576,14.6137553588755,8cell,-5.91691576627306,3.28034580238523e-09,6.06284286553112e-09
615,MamGypLTR1a,-1.04930232804254,7.08040842483677,8cell,-5.99128554163779,2.08188732162391e-09,3.8882307330329e-09
616,MLT1F1,-0.221683732546502,11.5674655301823,8cell,-5.9946817799647,2.03884287904779e-09,3.81585540941786e-09
617,ORR1D-int,-0.379971490373764,10.1020180737695,8cell,-6.18276062465498,6.2990194491571e-10,1.18892320388549e-09
618,HERVL74-int,-1.24522841469722,6.68643253005629,8cell,-6.20252663158405,5.55637783428646e-10,1.05098295631503e-09
619,L1M2a,-0.825186336191111,7.88398875080196,8cell,-6.22477725800687,4.82240634056451e-10,9.14097918286108e-10
620,L1MEg,-0.206549232372994,11.8855015850816,8cell,-6.23643399748853,4.47658061753e-10,8.50359010466704e-10
621,ERV3-16A3_LTR,-0.597526768576401,8.82224150301074,8cell,-6.23955351263707,4.38821618918855e-10,8.35358499397992e-10
622,LTR53B,-1.29967872867198,6.58370907291587,8cell,-6.24732499696257,4.17541688919237e-10,7.98267874084306e-10
623,L1MB2,-0.193183991288916,12.0837937922774,8cell,-6.2479594493666,4.15849597246431e-10,7.96746318862235e-10
624,LTR16E1,-0.459541722596879,9.58987680940521,8cell,-6.2613285919242,3.81711236392214e-10,7.32918551085699e-10
625,LTR52,-0.834923117901469,7.87060180997845,8cell,-6.26907269177972,3.63204555965163e-10,6.98893615266299e-10
626,RLTR22_Mus,-0.352589631579246,10.3609868161492,8cell,-6.27599922623092,3.47395909012178e-10,6.69923998073375e-10
627,MamRep1527,-0.685086800731241,8.44826081111249,8cell,-6.28420715924038,3.29531052558693e-10,6.36854577662344e-10
628,MamRep605,-0.496155906558819,9.38045091599419,8cell,-6.28689797750566,3.23872059950191e-10,6.27281615023354e-10
629,MLT1E1,-0.471443200330236,9.5463940525122,8cell,-6.32740704595653,2.4931506339517e-10,4.86055024908566e-10
630,ORR1C2,-0.0969570609085516,14.1382544780234,8cell,-6.39409895325256,1.61496823471912e-10,3.16234969309536e-10
631,L1M4a2,-0.466392297622603,9.64209010947591,8cell,-6.47071435719903,9.75406712614994e-11,1.91844373343967e-10
632,MER54A,-0.627530569049407,8.7862205917918,8cell,-6.47156294049234,9.69943395892511e-11,1.91192833469721e-10
633,ERVB5_1-I_MM,-0.423869961039102,9.9222096048397,8cell,-6.4803469064451,9.15119667014317e-11,1.80786974216828e-10
634,MLT1B-int,-1.03273549819814,7.36716958120403,8cell,-6.51284569508049,7.37402517407889e-11,1.46002413803032e-10
635,MER52-int,-0.84560409126278,7.95485280560779,8cell,-6.53740129393293,6.25969296662542e-11,1.2449366996264e-10
636,LTR16A2,-0.5591541857056,9.15738012126251,8cell,-6.55802236611451,5.45260327368482e-11,1.08929535063052e-10
637,LTR55,-0.970773397884481,7.62039566608098,8cell,-6.68366000765243,2.33047140489892e-11,4.67672478319445e-11
638,L1MC4a,-0.218448614001454,11.9238888346727,8cell,-6.68407674210078,2.32385011178414e-11,4.67398812076041e-11
639,LTR16B2,-0.569271410860781,9.17624589185425,8cell,-6.72048136695628,1.81125195590952e-11,3.66788835718351e-11
640,ERVB4_3-I_MM,-0.641197225337272,8.84291848453176,8cell,-6.74372847803509,1.54372910454872e-11,3.14044662229706e-11
641,L1MEb,-0.723063244321837,8.50946953756856,8cell,-6.77476502793444,1.24608612122375e-11,2.54659899256992e-11
642,L1M3e,-0.450293985462573,9.8782521005485,8cell,-6.78023990244328,1.1997648947403e-11,2.45758292954868e-11
643,LTR33A_,-0.499091880346832,9.59216528461869,8cell,-6.80560158226851,1.00627844557474e-11,2.06600817116846e-11
644,LTR78B,-0.589844622394381,9.12737361359261,8cell,-6.84640098508638,7.57310185995561e-12,1.56206207737832e-11
645,MER77B,-0.529442548236878,9.52909762146659,8cell,-7.0633663423949,1.62516517639482e-12,3.36776653103729e-12
646,L1ME4b,-0.30636815347579,11.1449134848344,8cell,-7.15589463377547,8.31289775826898e-13,1.73886261343556e-12
647,MLT1A0-int,-0.878563826407759,8.10756740414466,8cell,-7.16139519222307,7.98600592626652e-13,1.67442435576673e-12
648,RLTR15,-0.236429451046788,11.9076601780219,8cell,-7.19366813929001,6.30733940858103e-13,1.33188235967424e-12
649,L1M3c,-0.859008104424837,8.21164004111668,8cell,-7.25916029088739,3.89500691996311e-13,8.32370469194039e-13
650,RLTR51B_Mm,-0.415817382840851,10.3052506630772,8cell,-7.25982429178506,3.87593475644698e-13,8.30290602043702e-13
651,LTR16B,-0.80135598734187,8.4167786124779,8cell,-7.27095945288131,3.56943081277582e-13,7.66479225255484e-13
652,LTR40a,-0.482269802049149,9.89102238987941,8cell,-7.29392391906446,3.0105548504544e-13,6.48034688148659e-13
653,Mam_R4,-1.45940325704961,6.70257073156817,8cell,-7.31011123271965,2.66921333438302e-13,5.77355390332484e-13
654,MER21C,-0.230014122703028,12.0333941025016,8cell,-7.31027008367336,2.66605961577418e-13,5.77355390332484e-13
655,MTB_Mm-int,-0.444383306237569,10.1775927313177,8cell,-7.42275562519027,1.14708308511743e-13,2.49329306276136e-13
656,MLTR25C,-0.523723978608524,9.73691330954555,8cell,-7.50890217480272,5.96252590658856e-14,1.30881124221166e-13
657,LTR78,-0.545169260724851,9.62174158019508,8cell,-7.5105076468707,5.88985146146438e-14,1.29605889832719e-13
658,MLT1F-int,-0.691430212173907,8.98983540207571,8cell,-7.65192548904928,1.97991958452976e-14,4.41139977605753e-14
659,MER68,-0.473358566141029,10.0913984174681,8cell,-7.67402345592137,1.66683581058767e-14,3.73253661363334e-14
660,RLTR20B2,-0.389973231967635,10.6622616925442,8cell,-7.70546966528107,1.303629417302e-14,2.92658220197343e-14
661,BGLII_B2,-0.687627163280562,9.03525441315782,8cell,-7.73057665561494,1.07060499395495e-14,2.4156544152943e-14
662,RLTR21,-0.242494130674969,12.0584042183503,8cell,-7.77401993837339,7.60337635754997e-15,1.72433713823008e-14
663,ORR1C1-int,-0.335035010727857,11.1302138595328,8cell,-7.78569976125168,6.93284092849472e-15,1.57629043105673e-14
664,RLTR10D,-0.499186100108151,9.99782630715407,8cell,-7.83448278822924,4.70776556131409e-15,1.08144795452409e-14
665,HAL1,-0.231255278429373,12.2631335565721,8cell,-7.95903977769244,1.73379499290325e-15,4.01391601221611e-15
666,LTR33B,-0.959183727694066,8.17034232718172,8cell,-7.99051693958732,1.34374100693243e-15,3.11902285943323e-15
667,L1MC,-0.207324930686408,12.5911305260538,8cell,-7.99480468010825,1.29779441347547e-15,3.02025977376883e-15
668,MLT1J-int,-0.638846385664736,9.34856863052673,8cell,-8.00600225620645,1.18497553378982e-15,2.76494291217624e-15
669,MamRTE1,-0.238949192309901,12.2399995143218,8cell,-8.15814449422373,3.40210379782345e-16,7.9801326550529e-16
670,L2c,-0.130602952064198,14.0226197004669,8cell,-8.27422373651755,1.29295179414759e-16,3.04083107142118e-16
671,MYSERV6-int,-0.205907271637568,12.7268798137956,8cell,-8.32280004114335,8.59093059829699e-17,2.02581891296712e-16
672,RLTR9A3A,-0.870854077755176,8.5678546430522,8cell,-8.32628747305871,8.3417093420866e-17,1.97754122803066e-16
673,ERVB5_1-LTR_MM,-1.1216412402484,7.86528813811727,8cell,-8.40641813730825,4.22722138318176e-17,1.00750665138032e-16
674,RMER17B2,-0.303020160457183,11.6542977669182,8cell,-8.44454421248647,3.0523402835234e-17,7.29443686035564e-17
675,LTR40b,-0.637994124048174,9.51052658046782,8cell,-8.45695867223093,2.74441126572881e-17,6.57623076882186e-17
676,L3b,-0.339423268655332,11.3370349132295,8cell,-8.47391160036806,2.37287524433177e-17,5.71676447753643e-17
677,ERVB4_3-LTR_MM,-1.49180565833359,7.18203312015272,8cell,-8.8232344839697,1.11200159581401e-18,2.70840936624289e-18
678,MLT2C2,-0.663034468281113,9.53057219121448,8cell,-8.85015656568071,8.73966026417028e-19,2.1344939491339e-18
679,RLTR51A_Mm,-0.303916401293301,11.7911408341686,8cell,-8.88097357438691,6.62776989382346e-19,1.62316458281241e-18
680,LTR16B1,-0.867822287510703,8.80224403850048,8cell,-8.99947003793447,2.26809861740366e-19,5.58542845116858e-19
681,MuRRS-int,-0.278961189823694,12.1008391234829,8cell,-9.07563888310123,1.130125250161e-19,2.79078152053647e-19
682,RLTR11C_MM,-0.435310657215304,10.8863089131126,8cell,-9.29587278520628,1.46003351038791e-20,3.63576972194636e-20
683,LTR53,-1.19481691028498,7.98722970221877,8cell,-9.34141621193256,9.50540615352612e-21,2.37368148047324e-20
684,MLT1E3,-0.512045179353258,10.4562060394724,8cell,-9.42008658232325,4.50716210197787e-21,1.12869496018544e-20
685,SRV_MM-int,-1.00738402167681,8.51327793064872,8cell,-9.45118456786066,3.35017585477695e-21,8.41329473134665e-21
686,MLT1J1,-0.507021250785214,10.5048873194138,8cell,-9.48638533497759,2.39184594625107e-21,6.02365735472295e-21
687,MLTR18D_MM,-0.52068538278696,10.4430224142315,8cell,-9.53536832656677,1.49354435393604e-21,3.78279467421406e-21
688,MurERV4-int,-0.370551774602411,11.4740625744137,8cell,-9.7010736942081,2.98342342319331e-22,7.577895494911e-22
689,RLTR43C,-0.99212759517067,8.64224488483843,8cell,-9.73353711805791,2.16916202553536e-22,5.52545856934364e-22
690,ERVL-B4-int,-0.409290663956981,11.2064086938582,8cell,-9.76583963450225,1.57799424638556e-22,4.03652398937881e-22
691,L1ME4a,-0.54556820181666,10.420504950925,8cell,-9.91337643247033,3.64128208550792e-23,9.41017376167599e-23
692,L1ME3Cz,-0.650270533610065,9.92992737226161,8cell,-9.96830707332836,2.09773843701038e-23,5.45289318860301e-23
693,ERVB5_2-LTR_MM,-0.8962547692693,9.05613829581964,8cell,-10.1492464587412,3.33931791788824e-24,8.75709035104026e-24
694,RMER17C,-0.178000213949867,13.7236606921447,8cell,-10.1660013704339,2.81217305307657e-24,7.39651433190848e-24
695,MamGypsy2-I,-1.08231378054134,8.53048514728857,8cell,-10.2149062319649,1.70043475237535e-24,4.48571660196346e-24
696,RLTR11D,-0.668952632093308,9.97927423376985,8cell,-10.431593435197,1.77879938008601e-25,4.7345887691511e-25
697,L1Md_F,-0.146083088654097,14.3908296974996,8cell,-10.5164237697912,7.25762212178446e-26,1.93754536524516e-25
698,L1MC5a,-0.396752718900384,11.6009360224779,8cell,-10.8540320903441,1.90817632472568e-27,5.15613602638642e-27
699,RLTR11A,-0.279064792362148,12.6272421418266,8cell,-10.8968021592405,1.1937943476863e-27,3.23561943625952e-27
700,MERVK26-int,-0.408290249594404,11.5574471847809,8cell,-11.0025434153719,3.71503227227976e-28,1.00998889604181e-27
701,L1MC5,-0.345515206108348,12.0460459486341,8cell,-11.029375758043,2.75772530576951e-28,7.5202999902733e-28
702,ORR1B2,-0.179516482729218,13.9493480898067,8cell,-11.0876047015016,1.44094509239185e-28,3.95370428128504e-28
703,L1MEd,-0.39324808059526,11.6947806173939,8cell,-11.1138864450087,1.07381921367209e-28,2.95549622586529e-28
704,RLTR20B5_MM,-0.554828426582719,10.71795388384,8cell,-11.1765171531871,5.31345545133248e-29,1.46697574417223e-28
705,MLT1E1A,-0.582922389849903,10.5982629438057,8cell,-11.2652601846823,1.94775773159553e-29,5.39425739373342e-29
706,MLT1H1,-0.618416614355116,10.4381715370346,8cell,-11.3061055706499,1.22402701241355e-29,3.4005000438614e-29
707,MER67D,-1.29212801977704,8.31825566958078,8cell,-11.3303222426387,9.28624639321239e-30,2.58792258418991e-29
708,L1MDa,-0.363680859930304,11.9800388923917,8cell,-11.3466150424381,7.70896244549934e-30,2.15511560190217e-29
709,RLTR20B3,-0.560123618686648,10.7830542018154,8cell,-11.5406803545873,8.22719017433445e-31,2.31454812183017e-30
710,RLTR26C_MM,-0.724024715463644,10.0481626234098,8cell,-11.5632031086543,6.3302611339718e-31,1.78654036447649e-30
711,L1ME3,-0.558108704721997,10.8203865851046,8cell,-11.6489317245534,2.32353245844535e-31,6.57840877566216e-31
712,RLTR20C2_MM,-0.330210863801866,12.4099708308164,8cell,-11.958301516043,5.87513296618997e-33,1.67403628427657e-32
713,RMER2,-0.315902926280335,12.5931109334231,8cell,-12.1901257687552,3.5087945104479e-34,1.00623171606071e-33
714,MLT2B5,-1.09067734185215,9.02909894293174,8cell,-12.2356947418171,2.00382924167045e-34,5.76506212247582e-34
715,MTEb-int,-0.692093137671459,10.3472639646638,8cell,-12.260613596512,1.47379655059613e-34,4.26776916442984e-34
716,RLTR13D6,-0.529244699891097,11.1238846765747,8cell,-12.2718826207994,1.28236526235924e-34,3.7255644386842e-34
717,MLT1G,-0.696816427075511,10.3869301869817,8cell,-12.5151756521352,6.16713001314318e-36,1.80347979660667e-35
718,LTR16A1,-0.885863988529859,9.69659570975461,8cell,-12.5248426607689,5.45995183270701e-36,1.60194626378763e-35
719,L1M4,-0.203682296588228,13.9639037848168,8cell,-12.6438678423671,1.20954274169264e-36,3.57237042313872e-36
720,MYSERV-int,-0.546852424288219,11.1306342771349,8cell,-12.7098636105607,5.21252738430047e-37,1.54464561488104e-36
721,LTR16,-0.74882343792395,10.2476147402146,8cell,-12.8152500191439,1.34703477586019e-37,4.01850307295204e-37
722,RMER3D-int,-0.442239567159343,11.7951854751783,8cell,-12.9411527854448,2.63643498570795e-38,7.89155118617633e-38
723,MLT1J2,-0.729963679413699,10.4360950717401,8cell,-13.3358459488107,1.43220790170465e-40,4.3603863856693e-40
724,L1ME2z,-0.643268393851373,10.803925662664,8cell,-13.3500100720208,1.18432906279912e-40,3.61810493755469e-40
725,ERVL-int,-0.924634472663404,9.76628450087384,8cell,-13.3926073821292,6.67940346873065e-41,2.04758264955226e-40
726,MLT1K,-0.401380670964898,12.178232433054,8cell,-13.4135077386248,5.03975527997308e-41,1.55029150307822e-40
727,L1M4c,-0.559660414460169,11.2416391228828,8cell,-13.517797143975,1.22798046124786e-41,3.80374435557264e-41
728,RMER13A2,-0.400868588484742,12.2081061965894,8cell,-13.5358596339794,9.60522011095084e-42,2.98567855896339e-41
729,MLT1F,-0.51529229659645,11.4898465650764,8cell,-13.5644051616519,6.51056810165078e-42,2.030840365743e-41
730,MLT1J,-0.415208576644859,12.1306578815782,8cell,-13.6486370227452,2.05689732017503e-42,6.4614194969456e-42
731,L1MD3,-0.551451080074297,11.3403063868865,8cell,-13.7829380275689,3.22860253410128e-43,1.01781122440285e-42
732,BGLII_Mur,-0.870742820844285,10.0300378924305,8cell,-13.8193120192323,1.94923848694415e-43,6.16680788218274e-43
733,L1MCa,-0.466603245698336,11.8759801344435,8cell,-14.0419365301658,8.6321179602182e-45,2.75052074072902e-44
734,MLT1H,-0.48176851228345,11.8135493876896,8cell,-14.1879127119845,1.08850624117301e-45,3.48087067770795e-45
735,MMERVK10D3_I-int,-0.622978754946506,11.0855089691954,8cell,-14.2544646899313,4.20514418714405e-46,1.35940842995311e-45
736,MLT2D,-0.655979885855742,10.9372376233697,8cell,-14.2576500515546,4.01756738629647e-46,1.30351000234218e-45
737,ORR1D2-int,-0.60680345404783,11.177573370153,8cell,-14.3345790336151,1.33050869101542e-46,4.3646576616705e-46
738,MLT1E2,-0.57611850840918,11.3916962769953,8cell,-14.6582795655289,1.19256533735082e-48,3.94122894016683e-48
739,ORR1C1,-0.253803451669754,13.7575489224255,8cell,-14.6667092342074,1.05330946308978e-48,3.4940004204732e-48
740,MLT1L,-0.643028453834646,11.085497512277,8cell,-14.7131662458926,5.30652771036787e-49,1.76685510656069e-48
741,MTE2b-int,-0.904445712710806,10.1497940713897,8cell,-14.9625455088447,1.28996001668863e-50,4.32745077296678e-50
742,L1MC2,-0.574580014096774,11.4623424724376,8cell,-14.9815595587501,9.69158592273115e-51,3.27597714270266e-50
743,RMER19A,-0.39398049775619,12.5643013153759,8cell,-15.0518938760545,3.35490604415169e-51,1.13836315772933e-50
744,RMER15,-0.182253016516561,14.7920795267835,8cell,-15.0813621086568,2.14791557027322e-51,7.31608023744404e-51
745,MER74A,-0.936140578246587,10.0836631296525,8cell,-15.1359466348585,9.38208858266666e-52,3.20795259615025e-51
746,MLT1G1,-0.741648069157019,10.7647596011559,8cell,-15.1841837869712,4.50131364943214e-52,1.54504549588617e-51
747,L1MB5,-0.403953293061605,12.5339124057173,8cell,-15.2711482510014,1.19058016745068e-52,4.10242546071184e-52
748,MLT1G3,-0.727617777861197,10.8886049786566,8cell,-15.5503372146513,1.58270289730501e-54,5.51773676746727e-54
749,MurERV4_19-int,-0.806335613071959,10.6505789448517,8cell,-15.8679759590944,1.05591480784994e-56,3.72503279435951e-56
750,L1ME2,-0.596093671238625,11.5416588269737,8cell,-15.9757669302206,1.88521332468167e-57,6.67711014200001e-57
751,ERV3-16A3_I-int,-0.906624057464428,10.3362269150553,8cell,-15.9997615704809,1.28265357705621e-57,4.56111612001188e-57
752,L1MD,-0.425714990461388,12.6049564893972,8cell,-16.4951845720825,3.97343803842952e-61,1.43011595796107e-60
753,BGLII_B,-0.740057909215894,11.0157287818561,8cell,-16.5287067725414,2.27982667187057e-61,8.23888581826396e-61
754,MLTR11A,-0.502848340167201,12.2106043030864,8cell,-16.9940527433966,9.08867170032274e-65,3.29788944554568e-64
755,ERVL-E-int,-0.94593072327419,10.4187254248592,8cell,-17.1776602382291,3.90340277853128e-66,1.42218240578455e-65
756,MTE2a-int,-1.31888617830119,9.46827871461021,8cell,-17.2284256447852,1.62514634118563e-66,5.94549422762972e-66
757,RMER17D2,-0.551047870502231,12.0520950055772,8cell,-17.6272204737764,1.52271065563482e-69,5.66397394501822e-69
758,LTR16A,-0.90065283791425,10.6892067022937,8cell,-17.9629568181692,3.80014538298804e-72,1.42545537783813e-71
759,MT2A,-0.290002964420132,13.9834713454265,8cell,-18.1249823703149,2.02407958020223e-73,7.65704998638205e-73
760,LTR33,-0.774854179106405,11.1513880621435,8cell,-18.1390681222289,1.56665014023442e-73,5.95193151567693e-73
761,L1MA5A,-0.999798341603256,10.429205289704,8cell,-18.2219401490233,3.45678308822441e-74,1.32460351958254e-73
762,L1ME3A,-0.790318148415645,11.169507434125,8cell,-18.6176394697004,2.31182462008617e-77,8.93570472720264e-77
763,L1M5,-0.291674133782437,14.0676720547819,8cell,-18.7698660470755,1.33220959451872e-78,5.19444881371554e-78
764,IAP1-MM_I-int,-1.1032721028387,10.2491918616675,8cell,-18.8915543243887,1.33846176969703e-79,5.24181723903374e-79
765,L1MD2,-0.647874186846393,11.8268179151216,8cell,-19.1676285567255,6.89824904797889e-82,2.71351478037754e-81
766,L1MA8,-0.64176892254434,11.8615260945107,8cell,-19.2168331990996,2.67612731130156e-82,1.05736763544315e-81
767,MYSERV16_I-int,-0.625854873284056,11.9402437704239,8cell,-19.2587502210186,1.19221450715246e-82,4.73160132526131e-82
768,LTR16C,-0.926699746969167,10.8822827454117,8cell,-19.7616789177385,6.3652008473591e-87,2.53751728847634e-86
769,MLT1I,-0.858378036891387,11.1338505545541,8cell,-19.9725500640005,9.54534598071765e-89,3.82243809768378e-88
770,IAPEy-int,-0.589599916859401,12.2959856418119,8cell,-20.5245132473651,1.30059311862935e-93,5.25557855664313e-93
771,MTB-int,-0.962128971567563,10.9000769025816,8cell,-20.6441366825156,1.102139783158e-94,4.51521782132471e-94
772,RLTR31D_MM,-0.505550153115953,12.7786434688984,8cell,-20.8044840122514,3.94178760260564e-96,1.62233758273908e-95
773,RLTR17D_Mm,-1.0813556271063,10.5877303085879,8cell,-20.8215734673569,2.75973223914338e-96,1.14111719097603e-95
774,RLTR44-int,-1.24908730732844,10.1782646719053,8cell,-20.8689869498619,1.02482527903738e-96,4.25733492086091e-96
775,L1MD1,-0.829379566477536,11.3699459165012,8cell,-20.9435426268687,2.1487288818768e-97,9.01047158485128e-97
776,RLTR11A2,-0.572186168303354,12.4625370996228,8cell,-21.1023364132672,7.57016508943963e-99,3.18951505427101e-98
777,MTEa-int,-0.824476501810719,11.4287253346121,8cell,-21.2482874366603,3.41910695580137e-100,1.44742194462258e-99
778,L1MB8,-0.469917987501731,13.0601599191338,8cell,-21.3211174534758,7.23110948522241e-101,3.07581642696781e-100
779,MTC,-0.187915484998705,15.7138301188679,8cell,-21.4213939516847,8.44243763058254e-102,3.60833031422494e-101
780,L1MEf,-0.780569381600757,11.6202990172961,8cell,-21.4979848635077,1.62596287331294e-102,7.01689803094761e-102
781,L1MB1,-0.852984839181548,11.3724187660576,8cell,-21.5580956703513,4.44525444543826e-103,1.92772253755835e-102
782,MLT1F2,-0.781842817549688,11.7579650311961,8cell,-22.5855788095051,6.0067066914582e-113,2.64354566767641e-112
783,MLT2B2,-1.20607796787633,10.5484257664773,8cell,-22.9088791409508,3.78969932409137e-116,1.67614064632698e-115
784,MERV1_I-int,-0.675255731680926,12.245068876956,8cell,-23.0949686105915,5.20167732842401e-118,2.31214557248447e-117
785,MLTR11B,-0.588929454505981,12.6622732975826,8cell,-23.2772860375738,7.53140778233328e-120,3.36453342637904e-119
786,L1MA4A,-0.873699507319918,11.5346044073696,8cell,-23.3586253785283,1.12630151766006e-120,5.08264999593803e-120
787,MLT2B3,-0.942735359307608,11.3336753341287,8cell,-23.5085778264819,3.33278260627312e-122,1.51165496784531e-121
788,L1Md_A,-0.116912503304731,17.3408830569407,8cell,-23.5147450792811,2.88217105029551e-122,1.31397439164754e-121
789,ORR1D1,-0.271731598397153,14.964318228648,8cell,-23.871769646167,6.01823237164896e-126,2.75783947339996e-125
790,MURVY-int,-0.888127043971409,11.5555009547128,8cell,-23.9169711277222,2.03979129403119e-126,9.39572259271363e-126
791,MTE2b,-0.328916440802801,14.447754238407,8cell,-24.1509775315717,7.29213037627864e-129,3.37640828359985e-128
792,RMER12,-0.818724448643067,11.8187489137976,8cell,-24.1546449100056,6.67298250759457e-129,3.10590651793276e-128
793,RMER19B2,-0.735171268593232,12.1682855592491,8cell,-24.4836861397503,2.20412170752889e-132,1.0422681904219e-131
794,L1MC4,-0.572440375416965,12.8980603145743,8cell,-24.5530865635699,4.00885871667546e-133,1.90581572145694e-132
795,RodERV21-int,-0.679138436493844,12.4357102150877,8cell,-24.8148747441026,6.19483778189576e-136,2.97687069627315e-135
796,MLT2B4,-1.11042136244328,11.0547148045425,8cell,-25.1379473093687,1.91436176347227e-139,9.24928047677637e-139
797,MERVL_2A-int,-0.525335361047212,13.2259048812032,8cell,-25.2456903402637,1.26296600237505e-140,6.13539221918809e-140
798,MLT2B1,-1.15016451149748,10.9706800101871,8cell,-25.2901649798772,4.09805056901772e-141,2.00174008563558e-140
799,ID_B1,-0.106883239722165,17.8090297056232,8cell,-25.3408172713867,1.13454207004071e-141,5.57241933848726e-141
800,ORR1E-int,-0.974907409284229,11.4825475884369,8cell,-25.59833104016,1.59223479861267e-144,7.86387075537038e-144
801,RMER19C,-0.698779644439632,12.4485320968847,8cell,-25.646296012188,4.65007693184393e-145,2.30945161587109e-144
802,L3,-0.49201477327889,13.4645681501868,8cell,-25.6848512394515,1.72606465388255e-145,8.6206262769752e-145
803,IAPLTR3-int,-0.891885626050944,11.750718345541,8cell,-25.6998118183488,1.17455734795259e-145,5.89933040864324e-145
804,RMER13B,-0.551623665519023,13.1995297082582,8cell,-26.2676390277612,4.49484383317921e-152,2.27040691346382e-151
805,L1MA7,-1.0426603490187,11.4574405377607,8cell,-27.140097862605,3.31405467404797e-162,1.69321529036129e-161
806,RLTR20C1_MM,-0.729718540066702,12.5645234106037,8cell,-27.8808009805832,4.560841957202e-171,2.38505205879564e-170
807,L1M3,-0.676012880550266,12.7865915450601,8cell,-27.8961687426936,2.96944186205178e-171,1.56203184341067e-170
808,L1MA5,-0.841129259276241,12.1584852381045,8cell,-27.9174312192875,1.63926236373724e-171,8.67443000810957e-171
809,RMER12C,-0.855247308775442,12.12251424362,8cell,-28.0342257242857,6.22036924318174e-173,3.31132230969375e-172
810,MMERVK10C-int,-0.510799662819033,13.6173785944164,8cell,-28.1169853655665,6.0735726471006e-174,3.25265426703159e-173
811,L1MA9,-0.906608487964645,11.9665947590504,8cell,-28.1540935822892,2.13522432659875e-174,1.15043298566442e-173
812,MTE2a,-0.37724306239452,14.4993589723952,8cell,-28.2000524765088,5.83890158890139e-175,3.16511189788618e-174
813,MuRRS4-int,-0.769952747880378,12.4827192694228,8cell,-28.5953998547668,7.6646118228162e-180,4.23219870216373e-179
814,L1MB3,-0.643754336474906,13.0294177788732,8cell,-28.8986930948468,1.23993523604307e-183,6.88939015526429e-183
815,L1MB7,-0.599138851133217,13.2712636075745,8cell,-29.2489219882983,4.63427219079264e-188,2.60751137823713e-187
816,IAPEY3-int,-0.709397596687081,12.8002395659784,8cell,-29.4126763338809,3.7811696741014e-190,2.14105722310583e-189
817,RMER17A2,-0.786485102803104,12.5152055359019,8cell,-29.5402542759984,8.76124984514191e-192,4.99278917457126e-191
818,IAP-d-int,-1.23860089070168,11.218894573843,8cell,-29.6816991384984,1.32291441013591e-193,7.5875542620053e-193
819,RMER15-int,-0.807016353389386,12.5094000258157,8cell,-30.2504538214584,5.14606904556473e-201,2.99010155654055e-200
820,MTC-int,-0.709027152975538,12.960321115742,8cell,-31.0752724651617,5.19929835280356e-212,3.14433757526691e-211
821,L1ME1,-0.804860437330686,12.5959922943186,8cell,-31.0891602412422,3.37506618992385e-212,2.05509167317966e-211
822,L1MEc,-0.819296504663855,12.5671860536665,8cell,-31.3322731208373,1.69667334315749e-215,1.04023627728759e-214
823,MTD-int,-0.961917462488652,12.2218961474013,8cell,-32.6360733877379,1.26305998221175e-233,7.85217009920453e-233
824,MTE-int,-0.743705658584487,13.0062315832469,8cell,-33.118239969801,1.62373292076969e-240,1.01654828631285e-239
825,MTEa,-0.385463372037948,14.9322153748388,8cell,-33.4876785714553,7.28462643985752e-246,4.59293113832151e-245
826,MTEb,-0.566285543044433,13.9371888619158,8cell,-34.8286576521912,8.96101253940006e-266,5.69024296251904e-265
827,MLT1A,-0.936724532292868,12.6007055108713,8cell,-36.2418216985654,1.33687750576883e-287,8.80358594539624e-287
828,L1M2,-0.565549396919591,14.088697253064,8cell,-36.6608218512959,3.07666205554989e-294,2.05650568976229e-293
829,RMER17A,-1.13780940427878,12.077591321038,8cell,-36.7200058748675,3.50199693076838e-295,2.35854187231295e-294
830,L1MC3,-0.956166619896278,12.5952800118194,8cell,-36.9245094389104,1.86873186637533e-298,1.26816994596005e-297
831,MusHAL1,-1.11666783359726,12.1824495110531,8cell,-37.3718720199236,1.11920635100641e-305,7.65364958495922e-305
832,L1MC1,-0.920025223922301,12.7615794011545,8cell,-37.637675881374,0,0
833,ORR1G,-1.01152522673035,12.5966324093278,8cell,-39.0806265175826,0,0
834,L1MA6,-0.978930844355803,12.7367311540393,8cell,-39.7039084952191,0,0
835,L1VL1,-1.10139398371139,12.4156440044009,8cell,-39.9645623897263,0,0
836,MLT1D,-0.775829428067751,13.4991143478191,8cell,-40.9891580239014,0,0
837,RLTR20A4,-0.764694194278592,13.5568213317572,8cell,-41.2176671199946,0,0
838,MTB_Mm,-0.836422983045284,13.3150020303435,8cell,-41.4568404526045,0,0
839,B3A,-0.214067433589554,17.2342481118715,8cell,-41.4763188647148,0,0
840,ORR1F,-0.498271274478117,14.9957499282282,8cell,-44.2539314559051,0,0
841,MLT1A1,-0.941114052583482,13.2219072741728,8cell,-45.1638312866762,0,0
842,MLT1C,-0.892116887553749,13.4053170784661,8cell,-45.6242421201003,0,0
843,ORR1E,-0.497853066942184,15.1273028802195,8cell,-46.2844201224672,0,0
844,MLT1B,-0.864373498068398,13.5803191911579,8cell,-46.9717575864786,0,0
845,Lx2A,-2.07465673016877,11.062386291654,8cell,-47.0915620852092,0,0
846,MLT1A0,-0.911786374740942,13.606487827463,8cell,-50.0000693960012,0,0
847,Lx2A1,-1.58788189746017,12.0397640391498,8cell,-50.5773612740572,0,0
848,L1MA4,-1.23205421662479,12.8048173349159,8cell,-51.163943869178,0,0
849,L1_Mur3,-0.584772990010048,15.0131700960122,8cell,-52.2518030985611,0,0
850,MTB,-0.945302563406639,13.708373061815,8cell,-53.7028475971984,0,0
851,RLTR17B_Mm,-0.896301505879161,13.895671642956,8cell,-54.3375104210609,0,0
852,L1_Rod,-1.09296103737159,13.4405957426901,8cell,-56.5838620319529,0,0
853,Lx10,-1.35948072700407,13.0967721173513,8cell,-62.4704926660044,0,0
854,B4,-0.379014797250817,16.7936444661256,8cell,-62.9467713274513,0,0
855,Lx2B,-1.1545602804839,13.5944015269349,8cell,-63.0483011274416,0,0
856,Lx8b,-0.831356184558753,14.6689354099777,8cell,-65.9148132159663,0,0
857,L1VL2,-1.16954727329083,13.7367817212796,8cell,-67.1002578855172,0,0
858,L1_Mm,-1.52394256878207,13.0616669831666,8cell,-69.1804629102476,0,0
859,Lx5c,-0.903433906790791,14.6032289450215,8cell,-70.0140224255624,0,0
860,RSINE1,-0.316444613035407,17.622996625727,8cell,-70.2723600655658,0,0
861,L1_Mur2,-0.907537138106846,14.6685310609941,8cell,-71.9447867556781,0,0
862,MTD,-0.493410072917018,16.4390802151336,8cell,-72.4075458045353,0,0
863,Lx6,-0.996576080512632,14.5458334932948,8cell,-75.7086719376075,0,0
864,Lx4B,-1.52003762175968,13.3543513317232,8cell,-76.3750439032576,0,0
865,Lx4A,-1.10659168864031,14.2929651761667,8cell,-77.0024032019042,0,0
866,Lx7,-0.735135560577106,15.5386166689205,8cell,-78.8474656637251,0,0
867,L1_Mur1,-1.74585329451095,13.1069561822258,8cell,-80.5088103742128,0,0
868,Lx5b,-1.56918029892544,13.5944354707953,8cell,-85.6909063572539,0,0
869,MTA_Mm-int,-1.6251199680237,13.511638141631,8cell,-86.2332413190154,0,0
870,Lx3B,-1.75348279226853,13.2974003418479,8cell,-86.3814671401318,0,0
871,Lx3C,-1.76604093523793,13.3962029290882,8cell,-90.0330216527515,0,0
872,MTA_Mm,-1.09067697508949,14.9392562819215,8cell,-94.9861170675384,0,0
873,Lx2B2,-1.47930771334536,14.1130388421097,8cell,-96.7071100143102,0,0
874,Lx9,-0.950743168403671,15.5140122330035,8cell,-101.103935539996,0,0
875,L1VL4,-1.80959672315565,13.6683549992073,8cell,-101.386343202552,0,0
876,L1Md_F3,-1.13129296491111,15.1065824129042,8cell,-104.419667156951,0,0
877,Lx3A,-1.9146654119749,13.7635363573418,8cell,-110.874101730998,0,0
878,Lx8,-0.855405082171094,16.0879052784916,8cell,-111.071021799733,0,0
879,Lx5,-1.36304536229305,14.8652077322467,8cell,-115.692507447096,0,0
880,L1_Mus2,-1.20902461731527,15.2263958474794,8cell,-116.338125875067,0,0
881,L1_Mus4,-1.68382107602573,14.3337490054217,8cell,-118.839289694502,0,0
882,Lx3_Mus,-1.63612316307792,14.4203106309815,8cell,-118.994837230724,0,0
883,Lx2,-1.54500415346923,14.7610008355805,8cell,-126.47613631311,0,0
884,Lx,-1.31575114044579,15.456292275747,8cell,-137.139715694353,0,0
885,B3,-0.542100329913707,18.0290181244806,8cell,-138.892906891081,0,0
886,L1_Mus1,-1.37971019202054,15.7612904242342,8cell,-159.898211539967,0,0
887,B4A,-0.904358608964729,17.5270497971699,8cell,-194.172809680057,0,0
888,L1_Mus3,-1.61933413821436,16.1766502827943,8cell,-216.865037592215,0,0
889,L1Md_F2,-2.11686450936669,17.3658158563179,8cell,-429.505858076793,0,0
